Timestamp,Facility,Region,Energy_Consumption_kWh,CO2_Emissions_kg,Water_Usage_Liters,Waste_Generated_kg,Renewable_Energy_Percentage,Recycled_Waste_Percentage,Supplier,Fleet_EV_Percentage,Heat_Generation_MWh,Electricity_Generation_MWh
1/1/2023,Vaskiluoto Power Plant,East,7283.46,1333.1,56717.36,671.07,82.75,67.27,KWH Logistics,89.56,469.45,250.73
1/2/2023,Kivihaka Distribution Center,North,5824.87,2938.55,53126.37,644.56,76.45,79.67,LEKO Logistics,90.92,304.31,194.11
1/3/2023,Vaasa Logistics Center,North,3785.75,4428.26,12307.79,1831.26,57.35,25.05,Ahola Transport,31.39,363.49,672.79
1/4/2023,Kivihaka Distribution Center,West,8324.16,3795.01,40712.3,649.18,95.6,62.49,LEKO Logistics,69.11,465.12,735.83
1/5/2023,Kivihaka Distribution Center,East,7162.58,4129.53,44217.61,689.51,20.05,57.17,LEKO Logistics,27.16,368.26,128.43
1/6/2023,Wartsila Smart Technology Hub,North,2463.55,3464.53,45894.05,1566.92,10.93,83.28,Oy EL-Ho Oy,19.06,118.64,942.59
1/7/2023,Vaasa Logistics Center,West,9198.34,3615.24,62215.51,1009.53,85.4,90.61,Ahola Transport,18.46,309.33,146.77
1/8/2023,Vaasa Logistics Center,East,8402.84,4321.38,58024.23,1598.08,43.91,1.22,Ahola Transport,34.21,323.02,587.17
1/9/2023,Vaasa Logistics Center,West,9548.2,1623.51,64711.46,317.66,84.7,67.4,Ahola Transport,43,240.86,738.15
1/10/2023,Kivihaka Distribution Center,South,7531.48,2702.41,78839.49,1077.63,89.31,5.18,LEKO Logistics,83.09,381.4,883.87
1/11/2023,Vaskiluoto Power Plant,North,6520.74,1495.44,83168.72,260.5,6.25,54.89,KWH Logistics,11.99,470.47,742.68
1/12/2023,Vaasa Logistics Center,South,4764.19,4944.51,74631.08,312.78,88.35,28.76,Ahola Transport,73.49,466.51,821.56
1/13/2023,Kivihaka Distribution Center,East,9394.56,4748.27,95997.13,1831.59,44.83,30.68,LEKO Logistics,53.15,252.88,405.51
1/14/2023,Wartsila Smart Technology Hub,South,8794.58,677.42,11640.93,450.64,51.04,35.3,Oy EL-Ho Oy,28.79,100.96,833.34
1/15/2023,Vaskiluoto Power Plant,South,1406.97,3675.09,27620.02,1158.36,62.66,62.13,KWH Logistics,49.28,493.18,172.1
1/16/2023,Wartsila Smart Technology Hub,East,1237.3,4663.62,10680.66,939.97,92.64,33.4,Oy EL-Ho Oy,29.99,427.5,905.33
1/17/2023,Vaskiluoto Power Plant,West,4388.17,1312.59,68272.72,825.22,1.91,73.27,KWH Logistics,59.61,106.1,592.83
1/18/2023,Kivihaka Distribution Center,South,8294.98,3055.75,90822.75,1819.7,47.68,40.45,LEKO Logistics,43.38,464.38,835.57
1/19/2023,ABB Vaasa Factory,West,9885.49,4619.7,31913.41,239.28,68.77,6.84,Wasaline,16.44,441.45,507.09
1/20/2023,Vaskiluoto Power Plant,South,2353.75,652.76,93433.11,1394.82,72.27,78.38,KWH Logistics,11.66,283.48,679.22
1/21/2023,Wartsila Smart Technology Hub,West,6347.18,3638.39,15424.07,1934.11,69.25,28.58,Oy EL-Ho Oy,54.67,316.07,573.76
1/22/2023,Kivihaka Distribution Center,East,4428.02,1838.07,94099.24,1208.3,13.44,43.28,LEKO Logistics,90.24,229.55,758.43
1/23/2023,Vaskiluoto Power Plant,South,9729.23,4659.78,41646.04,1886.28,29.94,68.54,KWH Logistics,34.4,74.64,173.47
1/24/2023,ABB Vaasa Factory,East,8579.07,4869.76,19127.87,294.06,35.87,33.25,Wasaline,73.3,200.84,154.32
1/25/2023,ABB Vaasa Factory,South,8544.96,4749.2,53728.46,953.83,80.44,5.66,Wasaline,65.87,411.28,322.39
1/26/2023,Vaasa Logistics Center,East,5218.24,2633.96,33109.89,668.28,27.88,37.39,Ahola Transport,93.16,52.08,243.59
1/27/2023,Vaasa Logistics Center,East,4733.38,4379.19,35638.56,1515.48,21.07,94.44,Ahola Transport,82.1,200.07,884.61
1/28/2023,Wartsila Smart Technology Hub,South,3460.66,4300.47,37656.1,1966.33,95.74,64.17,Oy EL-Ho Oy,56.66,229.18,297.29
1/29/2023,Vaskiluoto Power Plant,South,1507.38,1935.95,82272.33,661.75,0.89,67.15,KWH Logistics,65.7,291.83,978.28
1/30/2023,Vaskiluoto Power Plant,South,8782.5,4230.12,58524.51,1377.51,99.78,63.23,KWH Logistics,89.84,463.94,403.21
1/31/2023,Vaasa Logistics Center,North,8316.11,666.53,38017.69,556.58,67.68,19.9,Ahola Transport,39.95,205.86,263.91
2/1/2023,Vaskiluoto Power Plant,West,9997.46,3183.21,64930.04,1217.59,82.85,41.83,KWH Logistics,32.68,206.13,810.73
2/2/2023,Vaskiluoto Power Plant,North,9969.73,1535.04,74453.56,1035.08,29.46,75.09,KWH Logistics,1.08,381.88,692.84
2/3/2023,ABB Vaasa Factory,North,5998.89,1042.55,34536.16,1949.61,1.43,10.14,Wasaline,82.66,253.5,548.38
2/4/2023,Vaasa Logistics Center,East,7920.89,846.29,47219.42,1295.35,73.79,27.79,Ahola Transport,80.1,151.07,599.83
2/5/2023,Kivihaka Distribution Center,South,9502.89,3633.3,20969.75,829.11,83.41,27.63,LEKO Logistics,10.45,253.6,747.28
2/6/2023,Vaasa Logistics Center,West,8646.83,2029.44,26303.44,405.37,74.05,43.2,Ahola Transport,57.69,113.39,305.61
2/7/2023,Kivihaka Distribution Center,East,3226.13,3761.45,71300.61,472.24,14.29,98.04,LEKO Logistics,46.4,129.37,996.7
2/8/2023,ABB Vaasa Factory,North,5054.9,794.1,26329.45,605.57,75.34,6.75,Wasaline,11.87,274.27,977.31
2/9/2023,Wartsila Smart Technology Hub,South,2162.43,1918.81,57264.7,651.74,76.89,51.87,Oy EL-Ho Oy,98.06,238.52,685.29
2/10/2023,Vaskiluoto Power Plant,East,9586.46,2927.71,73814.16,1731.11,65.85,17.94,KWH Logistics,21.47,461.68,279.59
2/11/2023,ABB Vaasa Factory,South,6455.57,4058.25,19618.92,1210.2,76.61,97.07,Wasaline,6.72,213.08,712.21
2/12/2023,Vaskiluoto Power Plant,East,3057.79,1934.39,61058.1,1142.1,84.59,11.33,KWH Logistics,59.48,311.26,164.98
2/13/2023,Wartsila Smart Technology Hub,South,7045.31,3316.51,33090.65,406.58,61.36,40.36,Oy EL-Ho Oy,73.89,334.52,127.59
2/14/2023,Wartsila Smart Technology Hub,North,6563.15,4486.9,96663.42,1748.25,8.86,73.79,Oy EL-Ho Oy,3.24,55.89,331.91
2/15/2023,ABB Vaasa Factory,West,4223.46,3271.38,53519.11,1501.07,48.76,70.46,Wasaline,65.87,348.59,516.36
2/16/2023,Wartsila Smart Technology Hub,North,2022.02,1548.32,82539.33,321.8,7.76,42.27,Oy EL-Ho Oy,53.23,130.12,881.45
2/17/2023,Kivihaka Distribution Center,West,7044.16,609.8,59520.39,1474.1,40.75,34.65,LEKO Logistics,10.33,482.48,754.45
2/18/2023,Wartsila Smart Technology Hub,South,5682.77,4415.44,13907.13,1178.37,40.71,39.76,Oy EL-Ho Oy,17.25,116.9,768.44
2/19/2023,Vaskiluoto Power Plant,East,7950.87,595.71,66983.62,347.11,6.6,26.43,KWH Logistics,56.8,236.58,482.94
2/20/2023,Vaskiluoto Power Plant,North,5681.47,4436.16,95626.3,1024.94,34.88,20.53,KWH Logistics,29.64,88.41,411.34
2/21/2023,Vaskiluoto Power Plant,West,8669.63,2880.22,64145.06,1072.45,11.1,48.3,KWH Logistics,93.83,498.59,433.93
2/22/2023,Vaskiluoto Power Plant,North,5967.16,4725.8,83727,498.39,80.82,26.85,KWH Logistics,81.87,275.99,988.88
2/23/2023,Kivihaka Distribution Center,West,6048.44,4094.52,89578.58,1902.26,94.77,28.75,LEKO Logistics,98.36,317.92,136.1
2/24/2023,Vaasa Logistics Center,North,8889.88,4990.7,30527.18,1729.96,7.23,65.68,Ahola Transport,25.97,80.18,880.33
2/25/2023,ABB Vaasa Factory,West,4631.35,2078.2,29084.04,1404.24,95.51,96.85,Wasaline,96.97,387.48,620.81
2/26/2023,Vaskiluoto Power Plant,West,2206.14,3952.35,64988.29,1032.13,52.26,60.36,KWH Logistics,43.12,144.46,494.75
2/27/2023,Wartsila Smart Technology Hub,South,1259.04,2308.69,46992.56,941.18,29.96,7.7,Oy EL-Ho Oy,34.75,454.12,752.73
2/28/2023,Vaskiluoto Power Plant,West,7796.24,2659.44,85587.52,1371.75,7.69,7.56,KWH Logistics,5.03,142.31,538
3/1/2023,Wartsila Smart Technology Hub,South,6582.79,3323.77,91002.08,1181.78,50.06,95.14,Oy EL-Ho Oy,5.28,135.81,886.08
3/2/2023,Wartsila Smart Technology Hub,West,7336.72,4431.55,41807.92,312.09,79.45,29.73,Oy EL-Ho Oy,69.2,66.45,910.63
3/3/2023,Vaskiluoto Power Plant,East,2916.68,4928.38,31318.35,1122.5,70.71,9.21,KWH Logistics,45.79,262.43,479.55
3/4/2023,Kivihaka Distribution Center,East,2227.34,3957.23,80247.3,1651.53,5.02,59.9,LEKO Logistics,22.65,304.18,349.15
3/5/2023,Wartsila Smart Technology Hub,East,1130.9,2379.95,34732.54,1026.63,7.29,62.36,Oy EL-Ho Oy,61.4,79.57,633.12
3/6/2023,Wartsila Smart Technology Hub,West,4155.29,2396.11,84035.29,293.52,40.29,64.85,Oy EL-Ho Oy,25.29,398.99,921.13
3/7/2023,Vaskiluoto Power Plant,South,6309.26,3819.12,48136.44,1615.3,29.53,26.74,KWH Logistics,57.76,253.98,289.6
3/8/2023,Wartsila Smart Technology Hub,South,4530.2,1574.5,70079.49,562.45,23.24,1.51,Oy EL-Ho Oy,35.92,285.98,660.67
3/9/2023,Wartsila Smart Technology Hub,West,4937.27,997.13,18598.18,665.52,28.1,96.5,Oy EL-Ho Oy,82.36,248.34,668.4
3/10/2023,Vaskiluoto Power Plant,East,9137.43,2095.8,66147.34,496.47,80.35,25.09,KWH Logistics,82.07,230.34,759.8
3/11/2023,Vaskiluoto Power Plant,East,4134.3,1792.58,50659.09,794.39,92.92,67.6,KWH Logistics,47.74,301.84,218.41
3/12/2023,ABB Vaasa Factory,South,5625.91,1833.39,62794.76,1562.15,40.51,70.66,Wasaline,35.08,119.86,744.24
3/13/2023,Kivihaka Distribution Center,East,8052.88,1551.23,25121.28,1134.89,90.61,61,LEKO Logistics,36.26,131.87,918.13
3/14/2023,Kivihaka Distribution Center,North,4568.89,689.42,76318.64,568.79,32.15,31.29,LEKO Logistics,80.57,437.8,261.71
3/15/2023,Wartsila Smart Technology Hub,South,6598.78,580.43,87651.74,1780.09,47.64,27.11,Oy EL-Ho Oy,32.82,475.75,313.79
3/16/2023,Kivihaka Distribution Center,East,8761.27,4944.75,29506.58,1783.25,22.6,59.77,LEKO Logistics,20.91,217.99,974.26
3/17/2023,Wartsila Smart Technology Hub,South,9545.69,2424.98,18614.31,1767.04,64.05,86.61,Oy EL-Ho Oy,8.47,171.84,262.88
3/18/2023,ABB Vaasa Factory,North,2323.66,2229.47,12127.47,629.83,97.9,94.67,Wasaline,46.67,339.8,868.95
3/19/2023,Vaskiluoto Power Plant,South,9339.29,3558.41,67777.44,1012.23,60.35,10.59,KWH Logistics,48.21,233.93,543.05
3/20/2023,Vaskiluoto Power Plant,South,5429.05,1482.14,64638.46,1972.98,35.78,15.48,KWH Logistics,84.09,61.42,322.51
3/21/2023,Vaskiluoto Power Plant,South,3324.2,4774.83,59202.77,1589.62,64.78,94.47,KWH Logistics,22.12,120.27,883.67
3/22/2023,Kivihaka Distribution Center,South,5132.22,4038.55,30875.24,248.9,12.29,73.65,LEKO Logistics,38.1,372.19,500.77
3/23/2023,ABB Vaasa Factory,North,9820.29,902.35,45181.54,317.37,88.87,88.3,Wasaline,80.84,346.52,563.34
3/24/2023,Kivihaka Distribution Center,West,5433.56,2379.11,63502.87,1035.08,50.31,20.26,LEKO Logistics,82.36,62.19,423.31
3/25/2023,Kivihaka Distribution Center,South,3958.76,4456.03,54709.02,1836.6,44.93,58.76,LEKO Logistics,38.46,149.89,633.66
3/26/2023,ABB Vaasa Factory,South,6700.61,4751.29,98900.7,1169.66,58.59,70.11,Wasaline,45.91,153.98,247.17
3/27/2023,ABB Vaasa Factory,East,3161.31,2603.31,22279.58,1096.06,62.48,68.01,Wasaline,30.33,352.35,451.97
3/28/2023,ABB Vaasa Factory,South,1682.77,3260.35,72563.01,389.85,7.18,40.82,Wasaline,93.26,58.87,972.47
3/29/2023,ABB Vaasa Factory,East,2159.92,1251.65,46388.69,1382.2,68.26,1.54,Wasaline,11.86,96.85,332.32
3/30/2023,Vaskiluoto Power Plant,West,2152.41,4960.26,48537.97,1679.79,24.19,58.29,KWH Logistics,93.37,409.96,691.06
3/31/2023,Vaasa Logistics Center,North,2367.12,1542.52,74583.8,884.76,71.4,25.31,Ahola Transport,68.39,130.35,392.67
4/1/2023,Vaasa Logistics Center,North,2249.44,4742.29,72319.25,1596.1,82.25,45.03,Ahola Transport,53.16,343.74,796.13
4/2/2023,ABB Vaasa Factory,West,6767.87,3423.41,99213.04,1936.06,80.4,95.76,Wasaline,3.27,157.18,217.79
4/3/2023,Vaasa Logistics Center,North,2636.92,3234.82,21555.49,566.78,55.25,39.9,Ahola Transport,47.56,94.75,972.84
4/4/2023,Vaasa Logistics Center,West,4111.01,2807.1,19369.87,1141.99,52.02,83.98,Ahola Transport,40.77,159.43,508.41
4/5/2023,ABB Vaasa Factory,West,9071.1,1538.01,75190.49,716.85,14.29,18.85,Wasaline,16.12,375.02,312.45
4/6/2023,Vaasa Logistics Center,West,5265.65,1294.38,62054.82,1627.14,77.53,67.25,Ahola Transport,65.64,435.06,166.15
4/7/2023,Kivihaka Distribution Center,North,7008.02,1492.19,34674.46,1239.67,27.14,97.7,LEKO Logistics,97.12,423.6,252.78
4/8/2023,Wartsila Smart Technology Hub,East,2550.88,1338.97,17147.74,1342.25,49.67,10.19,Oy EL-Ho Oy,56.22,228.73,567.8
4/9/2023,Wartsila Smart Technology Hub,West,2730.6,4008.13,17709.24,1636.25,28.43,0.83,Oy EL-Ho Oy,71.48,350.64,403.3
4/10/2023,ABB Vaasa Factory,South,1367.82,2075.56,90477.18,912.75,13.38,43.36,Wasaline,6.85,142.24,846
4/11/2023,Vaskiluoto Power Plant,North,2520.42,760.29,27268.06,1847.16,62.96,9.26,KWH Logistics,41.77,181.92,487.8
4/12/2023,ABB Vaasa Factory,West,3507.31,4860.96,39103.44,1159.45,5.43,74.84,Wasaline,11.64,453.35,323.84
4/13/2023,Vaskiluoto Power Plant,West,2593.09,4477.04,30399.08,484.32,74.86,91.45,KWH Logistics,61.28,55.85,655.43
4/14/2023,Wartsila Smart Technology Hub,South,1798.32,4674.89,41949.67,1452.62,31.76,43.4,Oy EL-Ho Oy,93.85,88.48,736.1
4/15/2023,ABB Vaasa Factory,East,2085.72,4977.09,16248.15,1627.87,0.01,25.87,Wasaline,66.18,143.55,250.34
4/16/2023,Kivihaka Distribution Center,East,5147.01,1282.53,56715.38,770.17,51.11,43.44,LEKO Logistics,7.68,61.94,250.86
4/17/2023,Vaasa Logistics Center,East,2857,2283.09,16085.13,1742.92,4.69,72.34,Ahola Transport,35.47,131.65,133
4/18/2023,Vaskiluoto Power Plant,West,4278.43,3912.07,82032.09,1831.06,27.62,0.91,KWH Logistics,55.07,312.37,762.76
4/19/2023,Vaasa Logistics Center,West,5530.76,3632.09,31034.09,698.43,70.7,58.95,Ahola Transport,40.32,239.64,697.42
4/20/2023,Vaasa Logistics Center,West,7213.55,1192.53,58601.07,1970.34,6.27,61.33,Ahola Transport,83.36,451.7,527.17
4/21/2023,ABB Vaasa Factory,North,1353.81,4171.25,89207.12,453.28,83.93,63.77,Wasaline,81.47,417.85,859.75
4/22/2023,Vaasa Logistics Center,South,8194.69,1509.98,68578.96,563.63,0.38,24.2,Ahola Transport,61.18,203.82,825.1
4/23/2023,Kivihaka Distribution Center,West,6651.1,1507.18,57966.2,531.6,24.68,71.41,LEKO Logistics,37.35,166.74,626.82
4/24/2023,Vaasa Logistics Center,South,1735.83,2916.38,39190.04,1809.18,74.09,9.14,Ahola Transport,25.53,220.86,881.44
4/25/2023,ABB Vaasa Factory,South,8862.21,3168.23,39970.17,1377.73,31.63,19.93,Wasaline,10.59,315.63,285.26
4/26/2023,Kivihaka Distribution Center,East,9287.85,3110.39,70253.83,473.79,10.19,87.75,LEKO Logistics,35.49,170.63,200.73
4/27/2023,Wartsila Smart Technology Hub,North,1549.7,911.69,99472.54,992.58,36.02,73.87,Oy EL-Ho Oy,41.32,330.87,342.77
4/28/2023,Vaasa Logistics Center,West,3491.9,4448.57,69565.53,1307.54,27.04,1.37,Ahola Transport,67.58,234.24,151.38
4/29/2023,ABB Vaasa Factory,East,8255.81,1695.2,60200.51,350.24,84.27,24.84,Wasaline,65.82,298.42,578.05
4/30/2023,Wartsila Smart Technology Hub,East,7734.34,1082.82,75758.55,1788.35,31.33,21.44,Oy EL-Ho Oy,7.01,246.26,942.95
5/1/2023,Wartsila Smart Technology Hub,West,2660.69,4499.37,51868.51,1646.49,78.89,27.08,Oy EL-Ho Oy,39.53,182.51,135.41
5/2/2023,Vaskiluoto Power Plant,South,2884.14,4800.43,15412.81,1109.37,89.19,24.76,KWH Logistics,18.18,476.8,209.9
5/3/2023,Kivihaka Distribution Center,East,4334.25,4379.57,60606.71,1940.83,43.38,6.25,LEKO Logistics,15.68,393.62,506.98
5/4/2023,Vaasa Logistics Center,South,5360.71,4142.82,96186.28,951.97,90.99,45.89,Ahola Transport,82.73,113.05,940.49
5/5/2023,ABB Vaasa Factory,North,6564.29,3448.59,25777.26,1971.4,37.73,73.27,Wasaline,4.19,440.81,384.54
5/6/2023,Vaskiluoto Power Plant,South,4320.22,2978.86,72100.44,1402.26,96.41,60.67,KWH Logistics,41.92,269.34,556.51
5/7/2023,Kivihaka Distribution Center,North,5162.81,891.44,28084.03,1342.41,8.93,67.29,LEKO Logistics,16.82,452.55,137.42
5/8/2023,Vaskiluoto Power Plant,South,7727.24,2338.04,58224.49,498.72,68.7,8.11,KWH Logistics,87.93,409.93,233.51
5/9/2023,Kivihaka Distribution Center,East,1330.15,2177.1,18700.88,1787.47,49.38,95.15,LEKO Logistics,55.7,241.35,987.97
5/10/2023,Kivihaka Distribution Center,East,3271.93,1668.89,50533.38,969.48,38.76,83.85,LEKO Logistics,23.14,60.11,968.61
5/11/2023,Vaasa Logistics Center,North,7420.15,3755.39,78054.7,492.02,63.27,80.51,Ahola Transport,50.24,170.9,104.45
5/12/2023,Kivihaka Distribution Center,West,9056.86,2731.44,41281.44,222.69,70.39,82.3,LEKO Logistics,73.15,293.74,956.63
5/13/2023,Vaskiluoto Power Plant,North,5605.1,864.71,69842.06,1207.56,0.44,93.27,KWH Logistics,95.81,335.07,675.21
5/14/2023,Kivihaka Distribution Center,North,5789.02,1490.82,81590.5,1149.32,16.7,54.43,LEKO Logistics,22.04,166.05,881.13
5/15/2023,Vaasa Logistics Center,South,1964.55,3574.66,93446,1494.84,71.3,20.03,Ahola Transport,88.62,112.71,509.27
5/16/2023,Vaasa Logistics Center,South,5026.71,842.59,31117.79,1802.46,66.64,61.68,Ahola Transport,93.43,425.72,564.04
5/17/2023,Vaskiluoto Power Plant,North,5793.56,4330.43,45938.43,342.93,96.6,74.29,KWH Logistics,91.64,492.98,539.96
5/18/2023,Wartsila Smart Technology Hub,East,3182.23,2728.16,23717.44,1516.69,76.1,73.79,Oy EL-Ho Oy,63.54,286.56,700.18
5/19/2023,Wartsila Smart Technology Hub,South,3423.19,2662.64,99323.52,537.34,95.08,52.14,Oy EL-Ho Oy,62.98,127.26,225.69
5/20/2023,Kivihaka Distribution Center,West,4395.56,3165.84,93430.09,1744.72,70.25,6.85,LEKO Logistics,40.32,172.54,126.98
5/21/2023,ABB Vaasa Factory,South,1180.64,4211.06,58596.14,1674.31,29.81,37.11,Wasaline,75.24,58.28,377.14
5/22/2023,Kivihaka Distribution Center,South,3898.71,2065.14,85783,1173.43,10.54,92.08,LEKO Logistics,53.13,461.43,734.21
5/23/2023,Vaskiluoto Power Plant,West,2903.03,3551.07,56886.22,1478.44,78.18,58.44,KWH Logistics,67.74,102.99,281.67
5/24/2023,Vaskiluoto Power Plant,North,3947.48,3045.79,66122.71,765.83,64.41,53.83,KWH Logistics,42.85,309.43,706.09
5/25/2023,Vaskiluoto Power Plant,West,2077.86,1701.63,18021.2,1048.1,4.82,26.89,KWH Logistics,73.15,173.32,972.92
5/26/2023,Vaskiluoto Power Plant,North,9014.75,4453.83,77974.34,1678.95,36.01,36.84,KWH Logistics,82.45,299.38,184.51
5/27/2023,Vaskiluoto Power Plant,North,6342.33,4088.42,21494.21,1026.68,95.68,89.53,KWH Logistics,14.64,343.14,705.34
5/28/2023,Vaasa Logistics Center,North,7111.92,3463.03,84346.09,844.04,50.04,66.65,Ahola Transport,83.29,423.38,499.38
5/29/2023,Wartsila Smart Technology Hub,West,8102.54,4327.62,80382.53,1089.58,43.27,78.74,Oy EL-Ho Oy,54.03,142.89,881.33
5/30/2023,Vaskiluoto Power Plant,North,5485.98,4402.82,73787.02,1690.85,45.77,45.43,KWH Logistics,84.47,54.95,259.43
5/31/2023,ABB Vaasa Factory,East,1782.28,3687.63,13254.43,803.37,20.89,63.02,Wasaline,43.13,111.6,723.36
6/1/2023,ABB Vaasa Factory,West,5833.96,4266.56,37281.55,512.77,36.87,24.84,Wasaline,37.9,455.01,854.3
6/2/2023,ABB Vaasa Factory,East,6281.57,3638.62,33680.13,1481.63,36.98,70.55,Wasaline,91.51,443.25,950.15
6/3/2023,ABB Vaasa Factory,North,7708.96,3560.63,42412.28,1686.76,5.24,42.76,Wasaline,25.12,318.84,714.92
6/4/2023,Vaasa Logistics Center,South,4884.94,3283.75,17887.85,381.15,76.76,44.25,Ahola Transport,84.42,320.23,547.46
6/5/2023,ABB Vaasa Factory,North,2148.22,3887.22,94326.2,631.77,41.65,64.93,Wasaline,48.4,349.27,656.06
6/6/2023,Vaskiluoto Power Plant,East,3553.98,1213.72,59842.2,455.55,82.22,93.63,KWH Logistics,51.41,128.92,882.01
6/7/2023,Kivihaka Distribution Center,East,4267.74,4463.92,37497.19,826.29,85.03,6.4,LEKO Logistics,30.85,461.49,613.55
6/8/2023,ABB Vaasa Factory,West,6813.26,4423.3,45728.34,1010.63,21.2,82.47,Wasaline,57.3,238.45,127.35
6/9/2023,Vaasa Logistics Center,South,6137,631.61,50248.23,1547.89,65.74,29.24,Ahola Transport,32.52,222.41,937.85
6/10/2023,Vaasa Logistics Center,West,4204.87,4216.18,64053.49,1372.07,47.23,44.39,Ahola Transport,3.93,283.51,720.57
6/11/2023,ABB Vaasa Factory,East,9878.64,1079.91,56411.15,1317.67,88.02,2.19,Wasaline,27.2,71.13,708.86
6/12/2023,Kivihaka Distribution Center,North,6451.97,2008.03,92745.28,834.27,21.57,30.1,LEKO Logistics,0.64,124.83,294.11
6/13/2023,ABB Vaasa Factory,South,3135.04,3845.79,54726.71,1714.61,67.78,50.26,Wasaline,97.84,382.12,693
6/14/2023,Vaasa Logistics Center,North,1916.04,1223.42,99294.22,1048.32,60.78,5.62,Ahola Transport,96.57,87.26,454.48
6/15/2023,Wartsila Smart Technology Hub,North,2375.73,4180.85,86628.25,1962.39,29.53,49.11,Oy EL-Ho Oy,39.52,321.42,686.11
6/16/2023,Vaskiluoto Power Plant,South,3213.62,4244.6,28765.95,1341.46,13.66,92.71,KWH Logistics,72.84,160.41,195.93
6/17/2023,Vaasa Logistics Center,West,2446.13,2783.6,93753.57,427.28,65.16,10.54,Ahola Transport,34.58,225.18,692.06
6/18/2023,ABB Vaasa Factory,North,2679.1,528.74,20472.98,1417.12,73.86,76.44,Wasaline,67.11,179.91,999.47
6/19/2023,Vaskiluoto Power Plant,East,3565.86,1791.67,83570.47,785.19,31.56,40.97,KWH Logistics,80.54,210.05,143.39
6/20/2023,ABB Vaasa Factory,North,2560.36,3276.17,44256.1,1435.39,64.48,65.52,Wasaline,94.68,373.57,979.46
6/21/2023,ABB Vaasa Factory,South,9070.89,4915.34,89017.69,325.35,39.51,26.02,Wasaline,40.02,183.7,466.22
6/22/2023,Wartsila Smart Technology Hub,South,1722.1,3343.16,88125.1,514.79,71.32,15.95,Oy EL-Ho Oy,78.33,304.88,883.68
6/23/2023,Vaskiluoto Power Plant,South,5720.6,1669.12,82533.29,1740.33,19.92,16.05,KWH Logistics,26.59,264.22,804.15
6/24/2023,Vaskiluoto Power Plant,West,4693.57,3353.03,81102.74,608.92,89.02,7.05,KWH Logistics,99.03,348.65,610.31
6/25/2023,Wartsila Smart Technology Hub,North,9841.41,2929.93,37421.12,1706.67,28.74,18.56,Oy EL-Ho Oy,2.58,471.57,764.6
6/26/2023,Vaasa Logistics Center,West,2008.35,4009.3,17282.74,702.7,36.78,66.42,Ahola Transport,60.35,379.66,890.66
6/27/2023,ABB Vaasa Factory,West,4580.7,981.41,46268.22,1357.19,5.81,88.17,Wasaline,65.95,146.72,463.73
6/28/2023,Kivihaka Distribution Center,South,9725.23,3924.63,25617.21,1449.47,11.15,81.41,LEKO Logistics,68.8,64.03,394.33
6/29/2023,ABB Vaasa Factory,South,8789.56,2935.7,72545.6,1122.78,51.59,68.51,Wasaline,12.04,168.02,700.83
6/30/2023,ABB Vaasa Factory,West,8353.65,4833.46,41148.98,749.56,26.76,11.04,Wasaline,93.85,317.79,827.06
7/1/2023,Vaasa Logistics Center,North,3321.13,2038.42,97804.92,582.76,83.55,28.92,Ahola Transport,18.12,73.14,786.06
7/2/2023,ABB Vaasa Factory,East,2537.99,3346.8,67687.49,259.74,1.47,30.98,Wasaline,62.28,273.36,818.03
7/3/2023,Wartsila Smart Technology Hub,West,7017.79,4694.13,84023.25,747.1,37.91,25,Oy EL-Ho Oy,22.27,318.58,492.02
7/4/2023,Wartsila Smart Technology Hub,North,9364.38,961.29,21927.22,1375.69,33.73,51.5,Oy EL-Ho Oy,30.72,200.41,836.05
7/5/2023,Vaskiluoto Power Plant,South,6010.87,4717.53,87581.3,1888.95,1.93,53.56,KWH Logistics,54.65,396.91,208.19
7/6/2023,Kivihaka Distribution Center,South,6144.51,3595.49,93048.15,1768.17,12.44,35.69,LEKO Logistics,41.72,97.97,590.04
7/7/2023,ABB Vaasa Factory,North,3519.81,805.27,53835.57,1578.92,41.36,35.38,Wasaline,16.02,83.81,105.18
7/8/2023,ABB Vaasa Factory,East,7925.44,1854.34,64562.76,1619.21,49.29,82.86,Wasaline,17.09,377.68,392.13
7/9/2023,Vaasa Logistics Center,South,2683.39,3686.77,78832.88,1396.97,40.43,78.93,Ahola Transport,41.81,272.97,429.82
7/10/2023,Wartsila Smart Technology Hub,South,3913.11,803.08,25735.48,668.52,53.09,30.78,Oy EL-Ho Oy,75.73,359.78,456.56
7/11/2023,Kivihaka Distribution Center,South,4828.93,3119.77,55230.95,1832.95,59.51,91.38,LEKO Logistics,89.8,245.67,725.92
7/12/2023,Vaskiluoto Power Plant,North,5568.49,2056.47,45879.67,1407.32,0.99,95.28,KWH Logistics,8.41,160.88,449.7
7/13/2023,Wartsila Smart Technology Hub,West,3181.69,3294.12,23173.66,1208.79,46.41,32.67,Oy EL-Ho Oy,39.31,418.6,503.82
7/14/2023,Vaskiluoto Power Plant,South,2033.53,705.84,43078.1,399.78,96.35,35.44,KWH Logistics,10.02,409.74,313.79
7/15/2023,Vaasa Logistics Center,West,6495.58,4421.92,16135.51,1004.7,51.9,50.56,Ahola Transport,1.66,362.61,435.93
7/16/2023,Vaasa Logistics Center,East,3597.67,4880.7,12323.07,1028.64,67.75,94.11,Ahola Transport,66.17,172.47,304.54
7/17/2023,ABB Vaasa Factory,South,6231.14,4859.95,22164.97,1756.21,31.19,87.63,Wasaline,60.24,315.6,165.88
7/18/2023,Kivihaka Distribution Center,South,2389.26,3873.43,96680.36,1183.97,77.4,10.26,LEKO Logistics,16.3,212.44,643.1
7/19/2023,Vaskiluoto Power Plant,East,5330.26,1085.39,59457.66,884.72,77.29,39.27,KWH Logistics,23.38,91.21,701.39
7/20/2023,Wartsila Smart Technology Hub,South,5793.3,3912.18,96923.99,1958.24,52.13,55.34,Oy EL-Ho Oy,2.37,462.79,657.54
7/21/2023,Vaasa Logistics Center,West,1466.41,610.64,48924.81,399.3,97.6,50.31,Ahola Transport,83.49,111.57,517.14
7/22/2023,ABB Vaasa Factory,North,4029.44,599.56,38063.45,960.59,12.56,19.39,Wasaline,97.47,477.61,441.81
7/23/2023,ABB Vaasa Factory,West,2209.73,1956.25,55552.77,275.64,1.69,85.88,Wasaline,13.55,250.7,877
7/24/2023,Vaskiluoto Power Plant,North,1570.37,2698.89,49556.05,1531.83,77.02,67.69,KWH Logistics,23.15,133.31,567.17
7/25/2023,Vaasa Logistics Center,North,9909.64,3966.83,19509.82,1852.54,80.72,83.79,Ahola Transport,86.84,293.86,531.26
7/26/2023,Kivihaka Distribution Center,West,3901.18,3574.83,67674.37,704.07,12.02,85.88,LEKO Logistics,92.65,442.83,123.08
7/27/2023,Vaasa Logistics Center,West,8288.87,2506.56,29443.44,1745.02,26.56,74.84,Ahola Transport,41.96,379.5,407.12
7/28/2023,Vaskiluoto Power Plant,West,3291.77,1731.32,65762.92,725.99,1.76,43.92,KWH Logistics,5.06,412.95,442.18
7/29/2023,Vaskiluoto Power Plant,West,7133.52,4987.06,68518.1,1839.39,29.33,61.05,KWH Logistics,3.94,346.45,458.94
7/30/2023,Vaasa Logistics Center,East,7842.05,2417.82,23682.24,1557.13,77.31,16.04,Ahola Transport,57.39,361.52,622.16
7/31/2023,Vaskiluoto Power Plant,South,6360.75,2531.24,15521.47,1648.83,51.8,67.36,KWH Logistics,39.29,432.14,580.24
8/1/2023,Vaasa Logistics Center,North,5244.19,1236.31,80268.54,232.41,34.81,17.93,Ahola Transport,2.87,162.35,647.11
8/2/2023,Wartsila Smart Technology Hub,West,4706.57,4076.64,51382.04,1933.06,37.17,69.39,Oy EL-Ho Oy,58.33,270.24,788.39
8/3/2023,Vaasa Logistics Center,West,4139.81,3621.57,15234.74,1508.01,0.14,22.96,Ahola Transport,1.13,149.54,831.69
8/4/2023,Vaasa Logistics Center,West,9365.76,1493.46,99537.97,748.55,29.98,11.76,Ahola Transport,78.74,494.45,746.31
8/5/2023,Vaskiluoto Power Plant,East,8475.57,870.71,15200.25,1692.91,64.65,16.53,KWH Logistics,30.64,474.83,959.97
8/6/2023,Vaskiluoto Power Plant,West,9685.24,3562.25,72553.17,706.74,97.42,0.2,KWH Logistics,4.03,67.74,116.41
8/7/2023,ABB Vaasa Factory,West,2118.68,3445.3,98531.1,1770.96,84.71,71.87,Wasaline,58.84,367.51,276.2
8/8/2023,ABB Vaasa Factory,West,7577.81,1729.67,31526.21,402.64,2.36,73.24,Wasaline,39.77,466.36,106.81
8/9/2023,Wartsila Smart Technology Hub,South,9445.06,4778.89,22802.44,1466.63,89.86,51.49,Oy EL-Ho Oy,97.38,131.26,682.73
8/10/2023,ABB Vaasa Factory,East,2631.1,1179.76,20924.64,1173.26,78.32,16.14,Wasaline,54.42,305.58,908.23
8/11/2023,Vaasa Logistics Center,West,1598.47,2445.51,37294.76,373.76,78.04,8.36,Ahola Transport,27.52,461.97,319.13
8/12/2023,Vaskiluoto Power Plant,North,7670.09,4746.27,19094.12,635.41,45.8,1.91,KWH Logistics,70.94,65.28,934.33
8/13/2023,ABB Vaasa Factory,North,6170.26,2388.77,72294.52,222.33,39.8,16.57,Wasaline,27.15,363.84,154.24
8/14/2023,ABB Vaasa Factory,North,8576.46,3373.37,15606.26,1043.78,30.29,89.09,Wasaline,90.42,183.81,940.99
8/15/2023,Wartsila Smart Technology Hub,East,2257.95,2289.17,55847.99,742.28,6.57,24.15,Oy EL-Ho Oy,37.47,465.98,416.46
8/16/2023,Wartsila Smart Technology Hub,East,8157.41,1733.97,99702.72,1277.04,22.82,35.43,Oy EL-Ho Oy,54.99,486.98,191.28
8/17/2023,Vaasa Logistics Center,North,2814.65,4927.9,83257.32,735.03,24.66,10.53,Ahola Transport,5.06,474.92,537.28
8/18/2023,Vaskiluoto Power Plant,West,2472.9,2342,65369.75,739.85,48.41,22.24,KWH Logistics,42.61,263.4,331.1
8/19/2023,Wartsila Smart Technology Hub,East,2478.39,4523.45,37562.83,1537.75,74.74,51.92,Oy EL-Ho Oy,83.24,437.92,356.39
8/20/2023,ABB Vaasa Factory,North,8331.17,1534.8,66150.63,286.66,47.38,60.78,Wasaline,80.56,430.05,376.56
8/21/2023,Vaskiluoto Power Plant,North,6986.77,1458.97,57433.73,1825.21,5.78,24.54,KWH Logistics,22.43,193.6,822.72
8/22/2023,Vaskiluoto Power Plant,West,5707.59,640.1,48347.5,1734.07,95.78,5.77,KWH Logistics,22.61,423.01,585.25
8/23/2023,ABB Vaasa Factory,South,4229.47,3432.5,21763.93,1402.05,94.27,39.1,Wasaline,81.73,66.65,380.18
8/24/2023,Wartsila Smart Technology Hub,East,8894.8,2158.37,89794.38,1267.8,78.52,23.42,Oy EL-Ho Oy,93.04,318.32,649.3
8/25/2023,ABB Vaasa Factory,West,4532.01,4389.61,50480.62,1806.14,99.13,21.96,Wasaline,9.54,153.5,744.54
8/26/2023,Vaskiluoto Power Plant,North,8349.39,2629.44,27516.03,533.59,54.45,95.99,KWH Logistics,45.01,104.26,345.36
8/27/2023,Kivihaka Distribution Center,North,4952.21,4856.87,43098.34,342.14,96.28,61.63,LEKO Logistics,33.75,84.63,472.19
8/28/2023,Kivihaka Distribution Center,West,4392.5,1334.86,47271.68,631.12,7.56,55.69,LEKO Logistics,87.07,363.33,209.7
8/29/2023,Vaasa Logistics Center,East,5164.12,4408.8,84478.41,1630.24,36.57,41.58,Ahola Transport,8.35,202.94,263.03
8/30/2023,ABB Vaasa Factory,South,3712.4,3994.69,76025.29,262.41,22.54,42.89,Wasaline,21.11,376.15,713.01
8/31/2023,ABB Vaasa Factory,South,7728.48,3969.15,79237.44,1249.05,19.58,54.09,Wasaline,75.25,79.41,263.29
9/1/2023,Vaasa Logistics Center,North,5524.48,4301.52,10992.81,1991.79,14.08,69.64,Ahola Transport,5.13,191.88,572.65
9/2/2023,Vaasa Logistics Center,East,3089.91,3924.61,47453.86,1740.25,62.24,70.21,Ahola Transport,49.25,292.77,738.14
9/3/2023,Vaasa Logistics Center,South,9096.17,3317.99,53320.97,1138.6,78.13,17.17,Ahola Transport,44.21,405.83,196.19
9/4/2023,Vaskiluoto Power Plant,East,4455.02,1090.6,11727.3,314.55,57.83,50.01,KWH Logistics,33.44,193.44,610.58
9/5/2023,ABB Vaasa Factory,East,5891.98,646.37,33383.19,1696.47,14.7,41.2,Wasaline,39.46,331.65,330.91
9/6/2023,Vaskiluoto Power Plant,North,9158.25,4643.82,78426.08,1278.16,81.11,87.05,KWH Logistics,52.99,448.69,966.63
9/7/2023,Vaasa Logistics Center,South,6618.14,3274.93,22339.87,406.88,63.6,63.14,Ahola Transport,16.14,327.14,535.19
9/8/2023,ABB Vaasa Factory,West,2052.08,4084.42,58177.91,368.94,38.82,53.25,Wasaline,57.2,154.83,825.39
9/9/2023,Vaskiluoto Power Plant,North,9458.49,2666.85,29368.17,1837.33,67.41,11.54,KWH Logistics,80.54,60.98,595.2
9/10/2023,Vaskiluoto Power Plant,South,6649.37,1027.89,11090.87,1404.56,25.99,60.56,KWH Logistics,76.02,441.54,139.07
9/11/2023,Vaasa Logistics Center,South,4014.15,1063.34,31708.13,1692.72,34.52,11.72,Ahola Transport,15.39,59.57,669.84
9/12/2023,ABB Vaasa Factory,South,2253.45,3585.04,97828.64,1782.16,91.75,33.72,Wasaline,14.92,443.62,956.26
9/13/2023,Vaasa Logistics Center,South,8146.23,2436.38,82138.34,1229.19,29.05,14.28,Ahola Transport,26.82,288.02,641.45
9/14/2023,ABB Vaasa Factory,South,6580.65,1402.36,96361.9,1131.4,47,69.21,Wasaline,36.11,472.58,837.27
9/15/2023,Kivihaka Distribution Center,East,5801.15,2712.18,53906.86,974.77,89.01,20.63,LEKO Logistics,40.85,409.45,895.79
9/16/2023,Wartsila Smart Technology Hub,North,9045.03,788.94,19876.26,770.5,70.77,39.19,Oy EL-Ho Oy,67.97,499.07,305.27
9/17/2023,Wartsila Smart Technology Hub,East,8097.37,3118.87,59316.35,982.27,6.22,89.57,Oy EL-Ho Oy,5.67,207.82,290.84
9/18/2023,Wartsila Smart Technology Hub,West,2365.07,1710.47,50893.96,1592.98,14.73,20.43,Oy EL-Ho Oy,3.47,395.23,649.88
9/19/2023,Vaasa Logistics Center,South,3805.5,4089.02,85992.14,1283.46,0.78,50.78,Ahola Transport,39.19,230.87,469.93
9/20/2023,Kivihaka Distribution Center,North,3236.4,1896.63,18827.43,1806.54,63.09,41.93,LEKO Logistics,69.72,265.94,855.88
9/21/2023,ABB Vaasa Factory,South,7695.52,2548.49,53941.7,998.08,44.77,1.81,Wasaline,19.34,332.38,910.02
9/22/2023,Vaskiluoto Power Plant,North,1301.79,552.29,23504.38,1292.76,13.43,79.28,KWH Logistics,64.15,443.15,418.08
9/23/2023,ABB Vaasa Factory,East,6129.01,826.01,39220.83,1336.35,95.79,6.9,Wasaline,25.98,492.84,313.18
9/24/2023,Vaskiluoto Power Plant,North,7862.13,2266.22,76362.14,1265.05,52.97,47.43,KWH Logistics,88.61,395.72,802.47
9/25/2023,ABB Vaasa Factory,West,8890.89,2659.72,52841.63,1464.74,24.19,56.07,Wasaline,89.57,238,347.33
9/26/2023,Kivihaka Distribution Center,West,4078.74,3200.09,43829.95,627.38,50.06,62.84,LEKO Logistics,29.73,239.61,840.35
9/27/2023,Vaskiluoto Power Plant,North,8391.32,1812.48,45502.87,1122.25,67.96,68.86,KWH Logistics,23,381.91,481.36
9/28/2023,Vaasa Logistics Center,North,1995.69,3627.42,51350.21,387.6,7.62,25.33,Ahola Transport,41.13,157.45,700.79
9/29/2023,ABB Vaasa Factory,North,8618.07,4370.55,80651.49,892.12,27.47,1,Wasaline,24.05,99.71,185.98
9/30/2023,ABB Vaasa Factory,North,2147.4,4009.33,90287.62,1077.8,80.7,72.34,Wasaline,67.24,209.58,661.47
10/1/2023,Vaskiluoto Power Plant,West,4575.59,678.28,95980.12,1374,45.97,53.57,KWH Logistics,82.61,179.26,506.59
10/2/2023,Vaasa Logistics Center,South,8175.66,2662.28,80821.3,1910.96,54.66,83.61,Ahola Transport,67.31,183.34,627.95
10/3/2023,Vaasa Logistics Center,North,2349.26,972.19,38386.62,1281.17,43.28,82.14,Ahola Transport,82.44,155.12,251.21
10/4/2023,Kivihaka Distribution Center,North,3063.26,1589.2,71932.12,1538.47,4.39,84.33,LEKO Logistics,39.7,68.94,763.19
10/5/2023,Vaasa Logistics Center,West,7500.27,4939.98,49384.28,1111.28,16.57,48.51,Ahola Transport,15.63,58.04,876.52
10/6/2023,Vaasa Logistics Center,West,7480.33,1141.23,32920.36,1341.39,44.55,33.36,Ahola Transport,73.8,494.48,295.07
10/7/2023,Vaasa Logistics Center,East,6770.33,2745,85678.44,327.68,20.92,79.16,Ahola Transport,36.05,242.5,186.14
10/8/2023,Wartsila Smart Technology Hub,North,7245.54,3281.7,13458.37,657.9,5,45.13,Oy EL-Ho Oy,67.13,222.95,121.27
10/9/2023,Kivihaka Distribution Center,East,5884.52,3661.09,91158.58,851.34,84.36,18.34,LEKO Logistics,27.06,355.84,677.77
10/10/2023,ABB Vaasa Factory,West,3266.19,3018.42,51532.97,1050.49,98.12,85.5,Wasaline,8.12,148.21,646.38
10/11/2023,Vaskiluoto Power Plant,West,4111.26,543.97,67348.13,282.17,79.31,88.26,KWH Logistics,99.26,477.48,592.03
10/12/2023,ABB Vaasa Factory,South,2634.38,1969.08,69341.85,452.04,85.38,46.63,Wasaline,15.62,403.86,308.75
10/13/2023,Kivihaka Distribution Center,North,9176.06,2829.7,90560.6,698.27,24.2,7.57,LEKO Logistics,98.84,90.23,451.82
10/14/2023,Vaskiluoto Power Plant,East,6250.53,895.4,67300.27,1948.76,96.06,38.78,KWH Logistics,97.73,237.91,635.03
10/15/2023,Kivihaka Distribution Center,West,4607.66,2077.82,65254.02,796.42,19.69,80.35,LEKO Logistics,79.38,445.6,547.09
10/16/2023,Vaasa Logistics Center,West,5158.05,649.41,15998.68,1067.67,95.14,90.18,Ahola Transport,65.94,475.13,989.01
10/17/2023,Vaskiluoto Power Plant,East,9525.55,853.6,56656.72,552.98,99.48,20.35,KWH Logistics,57.78,260.33,222.8
10/18/2023,Vaasa Logistics Center,South,2380.16,2286.15,23515.21,1299.4,71.17,6.7,Ahola Transport,86.61,326.04,725.63
10/19/2023,ABB Vaasa Factory,West,6276.07,1097.22,76369.04,705.23,98.11,87.74,Wasaline,28.94,125.17,463.89
10/20/2023,ABB Vaasa Factory,North,5553,3053.93,56099.97,572.59,56.95,38.94,Wasaline,46.77,496.03,485.38
10/21/2023,Vaskiluoto Power Plant,West,6503.09,3602.59,71220.5,1129.83,25.95,54.18,KWH Logistics,61.94,154.25,745.84
10/22/2023,Vaskiluoto Power Plant,North,1162.99,4102.64,13750.56,209.91,43.7,96.81,KWH Logistics,41.12,474.23,723.19
10/23/2023,Kivihaka Distribution Center,East,8849.12,1400.68,17631.28,213.8,59.36,6.66,LEKO Logistics,42.75,342.34,992.13
10/24/2023,Kivihaka Distribution Center,North,9389.06,1253.67,74469.1,594.32,7.31,64.83,LEKO Logistics,33.03,323.48,215.55
10/25/2023,Vaasa Logistics Center,East,6086.2,970.56,16487.59,266.1,62.23,7.41,Ahola Transport,56.42,280.71,193.7
10/26/2023,Vaskiluoto Power Plant,North,7269.86,3363.94,16413.11,394.45,98.12,37.55,KWH Logistics,85.06,153.8,751.9
10/27/2023,ABB Vaasa Factory,East,9302.49,3679.14,11089.76,809.95,19.01,80.38,Wasaline,20.15,129.44,620.55
10/28/2023,Kivihaka Distribution Center,North,7365.15,642.14,96085.13,1644.65,79.26,43.35,LEKO Logistics,93.44,149.22,346.74
10/29/2023,Kivihaka Distribution Center,South,2372.85,4712.96,76375.75,1229.69,90.79,99.72,LEKO Logistics,68.91,133.9,171.48
10/30/2023,ABB Vaasa Factory,North,6186.6,733.87,41792.63,1122.8,94.37,55.91,Wasaline,82.33,400.81,177.09
10/31/2023,Kivihaka Distribution Center,North,6460.44,2935.83,36688.2,728.28,96.01,32.12,LEKO Logistics,55.62,207.56,904.77
11/1/2023,Vaasa Logistics Center,South,4817.18,3690.77,41473.29,1877.16,52.15,22.01,Ahola Transport,77.95,76.03,272.68
11/2/2023,Vaskiluoto Power Plant,West,7628,4419.36,79718.82,914.63,97.73,35.05,KWH Logistics,1.62,486.1,391.03
11/3/2023,ABB Vaasa Factory,West,9409.3,3713.39,69523.35,356.77,75.73,37.25,Wasaline,81.84,447.7,303.99
11/4/2023,Vaskiluoto Power Plant,North,9330.12,4107.78,26667.6,1310.72,16.17,6.87,KWH Logistics,4.01,467.49,419.5
11/5/2023,Kivihaka Distribution Center,South,5057.55,2027.53,25669.84,404.91,47.69,36.96,LEKO Logistics,88.99,497.71,162.48
11/6/2023,Kivihaka Distribution Center,North,2019.14,4166.71,18855.61,821.4,71.83,46.42,LEKO Logistics,99.2,128.25,567.15
11/7/2023,ABB Vaasa Factory,East,9863.57,860.52,69427.24,1113.34,24.73,72.27,Wasaline,29.41,228.31,160.85
11/8/2023,Vaasa Logistics Center,East,8550.08,4526.67,78793.54,1773.6,64.06,65.67,Ahola Transport,21.03,391.21,820.32
11/9/2023,Wartsila Smart Technology Hub,North,2121.96,2964.17,33854.18,1088.38,66.66,70.88,Oy EL-Ho Oy,76.54,363.21,310.34
11/10/2023,ABB Vaasa Factory,West,9287.58,4177.84,11885.05,1464.07,16.27,0.84,Wasaline,25.3,119.25,586.01
11/11/2023,Wartsila Smart Technology Hub,West,8829.07,2535.43,17395.45,1987.07,56.51,21.77,Oy EL-Ho Oy,86.56,417.12,892.07
11/12/2023,Wartsila Smart Technology Hub,North,5669.54,3396.1,97107.4,436.68,77.16,66.17,Oy EL-Ho Oy,10.28,151,685.79
11/13/2023,Vaasa Logistics Center,North,6321.48,2868.81,36590.03,694.52,49.89,48.4,Ahola Transport,12.6,150.72,579.66
11/14/2023,Wartsila Smart Technology Hub,East,4591.02,3792.15,79230.08,910.24,1.21,0.53,Oy EL-Ho Oy,97.92,291.64,391.9
11/15/2023,Wartsila Smart Technology Hub,West,1492.85,867.33,66219.72,959.29,0.9,80.45,Oy EL-Ho Oy,67.38,316.82,399.7
11/16/2023,Vaasa Logistics Center,North,4016.78,771.58,44374.57,939.84,35.7,77.28,Ahola Transport,84.69,311.04,702.54
11/17/2023,Wartsila Smart Technology Hub,East,8225.68,1611.96,28511.85,1833.7,92.62,54.84,Oy EL-Ho Oy,32.43,91.17,994.73
11/18/2023,Wartsila Smart Technology Hub,West,1041.69,1217.95,20924.78,1485.26,22.87,6.65,Oy EL-Ho Oy,67.65,444.86,695.66
11/19/2023,Wartsila Smart Technology Hub,South,4001.49,4423.03,65351.17,1294.23,63.44,76.65,Oy EL-Ho Oy,59.42,169.52,602.01
11/20/2023,ABB Vaasa Factory,East,4583.52,1486.46,79717.04,756.87,22.21,58.37,Wasaline,60.32,108.28,757.59
11/21/2023,ABB Vaasa Factory,West,5836.56,4891.39,67951.38,1682.82,32.17,78.2,Wasaline,68.25,449.94,518.69
11/22/2023,ABB Vaasa Factory,West,9278.7,2016.03,57727.19,1919.11,84.8,75.17,Wasaline,57.54,480.04,154.13
11/23/2023,Vaasa Logistics Center,East,4117.11,1319.53,13775.61,1678.16,72.89,80.3,Ahola Transport,42.91,437.96,606.07
11/24/2023,Kivihaka Distribution Center,South,4122.58,4053.64,97163.99,202.82,9.54,51.8,LEKO Logistics,27.59,414.28,961.86
11/25/2023,Wartsila Smart Technology Hub,East,7637.51,3464.18,81884.28,1345.52,42.87,14.03,Oy EL-Ho Oy,76.86,344.86,257.77
11/26/2023,Wartsila Smart Technology Hub,West,5069.96,2741.88,36353.98,292.04,2.92,67.12,Oy EL-Ho Oy,22.63,297.89,721
11/27/2023,Vaasa Logistics Center,North,3021.44,2999.14,98197.33,663.69,48.09,62.05,Ahola Transport,69.24,89.14,280.84
11/28/2023,Wartsila Smart Technology Hub,North,5071.96,3736.41,64169.34,307.14,66.24,74.23,Oy EL-Ho Oy,23.33,233.8,582.24
11/29/2023,ABB Vaasa Factory,East,2267.71,1528.05,62418.04,1286.83,11.85,16.99,Wasaline,62.53,217.71,187.01
11/30/2023,Kivihaka Distribution Center,West,2587.48,4983.5,77326.59,1435.86,28.89,19.5,LEKO Logistics,74.71,166.89,505.33
12/1/2023,Vaskiluoto Power Plant,North,5485.31,4886.57,83059.28,406.08,39.78,89.04,KWH Logistics,21.87,375.54,780.55
12/2/2023,Wartsila Smart Technology Hub,West,4770.33,3426.47,69083.07,890.91,91.95,75,Oy EL-Ho Oy,5.99,273.14,412.81
12/3/2023,ABB Vaasa Factory,East,9233.61,1397.94,21528.62,1021.23,99.33,90.82,Wasaline,13.1,86.47,698.42
12/4/2023,Vaskiluoto Power Plant,North,4261.55,3561.03,40444.08,864.3,4.49,75.87,KWH Logistics,60.6,149.08,815.9
12/5/2023,Kivihaka Distribution Center,West,6225.3,824.89,93527.53,417.85,76.1,59.72,LEKO Logistics,84.94,357.47,934.46
12/6/2023,Vaskiluoto Power Plant,North,6690.38,637.94,30215.41,954.11,37.17,65.41,KWH Logistics,4.5,84.26,311.18
12/7/2023,ABB Vaasa Factory,East,1117.85,1659.57,43495.03,1552.12,39.25,88.91,Wasaline,73.42,433.04,459.38
12/8/2023,Vaskiluoto Power Plant,West,6971.84,2581.8,48886.92,327.81,75.43,57.88,KWH Logistics,34.13,272.82,237.17
12/9/2023,Vaasa Logistics Center,North,2602.32,4407.23,49546.45,344.32,91.84,63.24,Ahola Transport,47.85,266.26,993.24
12/10/2023,Vaskiluoto Power Plant,East,9649.63,3772.26,65164.56,838.59,95.09,15.65,KWH Logistics,92.89,316.58,934.3
12/11/2023,Wartsila Smart Technology Hub,North,2337.96,3842.18,94876.83,1895.11,57.71,47.39,Oy EL-Ho Oy,33.2,421.11,585.96
12/12/2023,Wartsila Smart Technology Hub,North,4731.62,2414.72,31662.34,1403.43,35.71,71.64,Oy EL-Ho Oy,46.53,206.51,857.83
12/13/2023,Vaasa Logistics Center,South,1768.15,2056.71,20935.12,1421.61,78.75,27.09,Ahola Transport,1.37,355.11,568.86
12/14/2023,ABB Vaasa Factory,South,9971.87,2169.67,27772.34,851.46,25.1,20.23,Wasaline,8.16,304.58,661.23
12/15/2023,Wartsila Smart Technology Hub,East,5519.76,4944.42,89823.24,1268.59,56.41,31.38,Oy EL-Ho Oy,25.86,170.16,180.21
12/16/2023,Kivihaka Distribution Center,South,6358.47,680.49,68122.97,218.24,35.86,24.15,LEKO Logistics,2.79,445.38,779.74
12/17/2023,Wartsila Smart Technology Hub,East,1603.69,4401.64,35731.61,1344.97,65.66,21.49,Oy EL-Ho Oy,63.14,408.84,214.94
12/18/2023,Wartsila Smart Technology Hub,South,7749.64,3104.04,83435.22,1843.92,24.04,42.49,Oy EL-Ho Oy,42.64,346.3,843.46
12/19/2023,ABB Vaasa Factory,North,2889.15,2473.77,87523.3,1302.63,19.16,90.78,Wasaline,54.81,432.76,803.83
12/20/2023,Vaskiluoto Power Plant,East,9082.49,3763.66,86186.29,1772.66,91.82,50.71,KWH Logistics,17.46,440.28,737.87
12/21/2023,Wartsila Smart Technology Hub,East,2846.26,2690.01,92703.39,1503.15,10.18,18.79,Oy EL-Ho Oy,29.59,368.76,132.54
12/22/2023,Vaasa Logistics Center,North,2716.19,4430.4,32701.69,417.01,50.6,7.7,Ahola Transport,66.38,426.66,372.82
12/23/2023,Vaskiluoto Power Plant,East,1328.95,4553.16,77953.77,1824.42,22.09,69.62,KWH Logistics,96.53,363.86,336.8
12/24/2023,Kivihaka Distribution Center,East,5248.6,2397.74,51448.55,319.6,3.89,38.28,LEKO Logistics,5.04,356.06,424.12
12/25/2023,ABB Vaasa Factory,South,6083.57,1745.73,85779.87,1161.14,3.6,82.18,Wasaline,89.04,328.38,178.88
12/26/2023,Kivihaka Distribution Center,East,1591.38,3165.58,75564.16,455.85,17.52,65.95,LEKO Logistics,57.69,388.72,943.26
12/27/2023,Vaskiluoto Power Plant,West,7979.75,4605.64,79880.27,221.07,86.68,79.62,KWH Logistics,56.39,121.37,598.42
12/28/2023,Vaskiluoto Power Plant,North,5079.6,1447.98,69054.57,959.66,28.25,27.19,KWH Logistics,50.03,446.39,374.97
12/29/2023,Vaskiluoto Power Plant,South,5719.51,3303.35,25968.59,731.07,95.05,69.24,KWH Logistics,6.94,442.33,457.28
12/30/2023,Kivihaka Distribution Center,South,4966.86,3342.02,59052.42,1074.8,58.16,26.41,LEKO Logistics,8.99,63.16,502.48
12/31/2023,Vaskiluoto Power Plant,West,4606.87,3799.01,98620.28,1238.96,43.66,93.91,KWH Logistics,60.09,421.62,640.53
1/1/2024,Kivihaka Distribution Center,North,6036.76,1092.05,94364.93,278.73,58.01,63.64,LEKO Logistics,34.1,107.99,564.11
1/2/2024,Vaskiluoto Power Plant,North,2397.16,3721.21,13885.64,421.41,51.67,32.45,KWH Logistics,91.73,200.8,927.45
1/3/2024,Vaasa Logistics Center,South,2637.35,4590.65,24833.33,1205.56,75.88,26.95,Ahola Transport,40.66,384.58,547.27
1/4/2024,Vaskiluoto Power Plant,East,8756.07,1308.57,21855.59,817.7,28.25,19.09,KWH Logistics,14.33,122.34,992.94
1/5/2024,Kivihaka Distribution Center,South,9515.04,1568.94,75338.19,1512.51,35.31,69.46,LEKO Logistics,71.47,418.09,866.28
1/6/2024,Wartsila Smart Technology Hub,North,4359.78,4871.28,83600.68,1374.12,89.41,21.87,Oy EL-Ho Oy,29.34,424.46,287.66
1/7/2024,Vaskiluoto Power Plant,West,3436.7,1314.4,29216.02,1722.09,94.65,59.53,KWH Logistics,52.55,278.36,937.54
1/8/2024,Wartsila Smart Technology Hub,South,6796,4344.73,55526.74,1446.49,89.26,26.46,Oy EL-Ho Oy,69.78,52.87,204.73
1/9/2024,Vaasa Logistics Center,North,4678.61,2715.25,85663.27,973.88,41.94,66.2,Ahola Transport,90.03,179.17,835.7
1/10/2024,ABB Vaasa Factory,South,1228.48,1612.54,75952.14,1411.34,78.04,81.49,Wasaline,79.22,327.62,442.56
1/11/2024,Vaasa Logistics Center,East,2405.37,4418.37,58801.35,695.69,47.63,77.8,Ahola Transport,67.64,491.53,890.18
1/12/2024,Vaskiluoto Power Plant,South,7443.75,2503.87,63131.29,751.36,49.75,76.09,KWH Logistics,67.96,334.32,881.25
1/13/2024,Wartsila Smart Technology Hub,South,6930.32,2816.68,55752.45,1620.17,20.47,18.77,Oy EL-Ho Oy,94.59,166.91,825.33
1/14/2024,Wartsila Smart Technology Hub,North,1243.86,2116.55,36779.36,1003.56,59.11,8.84,Oy EL-Ho Oy,29.58,335.3,811.03
1/15/2024,Kivihaka Distribution Center,North,2997.75,3168.28,60851.98,1637.08,18.61,69.89,LEKO Logistics,0.11,292.99,374.21
1/16/2024,Wartsila Smart Technology Hub,North,3079.67,1235.86,71999.68,1680.36,33.16,36.83,Oy EL-Ho Oy,27.2,400.93,172.83
1/17/2024,Kivihaka Distribution Center,South,7047.03,2259.87,88599.06,1743.61,85.5,43.23,LEKO Logistics,21.79,98.14,462.68
1/18/2024,ABB Vaasa Factory,East,1177.39,4862.36,67266.22,1849.94,20.71,3.11,Wasaline,66.18,392.46,256.17
1/19/2024,Vaskiluoto Power Plant,West,1936.98,1661.6,78500.94,975.77,7.12,25.96,KWH Logistics,63.37,293.57,725.46
1/20/2024,Kivihaka Distribution Center,West,8199.24,3455.31,24406.45,773.96,6.9,3.37,LEKO Logistics,59.35,483.35,411.49
1/21/2024,ABB Vaasa Factory,North,2606.9,1963.36,51540.17,1247.96,94.08,87.92,Wasaline,1.62,203.84,978.05
1/22/2024,Wartsila Smart Technology Hub,North,6874.71,3980.63,10839.85,868.11,50.69,24.34,Oy EL-Ho Oy,72.88,334.68,676.87
1/23/2024,Wartsila Smart Technology Hub,South,3143.65,1088.93,32201.1,1281.93,40.94,55.73,Oy EL-Ho Oy,32.35,469.41,840.23
1/24/2024,ABB Vaasa Factory,West,1894.97,4864.19,75381.55,1470.05,81.09,3.9,Wasaline,66.51,96.13,219.27
1/25/2024,Wartsila Smart Technology Hub,North,3188.55,2542.05,99262.9,1439.13,83.58,66.68,Oy EL-Ho Oy,55.66,471.75,875.81
1/26/2024,ABB Vaasa Factory,East,7500.4,1562.23,18926.03,874.2,33.22,32.3,Wasaline,34.27,359.55,930.48
1/27/2024,Kivihaka Distribution Center,East,8701.27,830.74,46134.49,500.35,69.36,89.79,LEKO Logistics,13.46,80.53,538.36
1/28/2024,Kivihaka Distribution Center,North,8471.98,1263.91,82006.39,974.95,77.11,88.81,LEKO Logistics,9.44,185.43,645.63
1/29/2024,ABB Vaasa Factory,North,4574.65,2838.98,28363.21,456.67,65.47,32.53,Wasaline,83.15,368.68,788.33
1/30/2024,Kivihaka Distribution Center,West,7012.77,2016.51,59957.65,1802.17,15.16,90.1,LEKO Logistics,91.84,80.31,257.35
1/31/2024,Kivihaka Distribution Center,West,2844.86,4229.98,75976.42,822.58,87.59,99.62,LEKO Logistics,64.98,311.98,552.31
2/1/2024,Kivihaka Distribution Center,South,3638.33,2438.99,65438.69,478.03,53.91,82.54,LEKO Logistics,10.34,205.65,458.8
2/2/2024,Vaasa Logistics Center,West,9067.02,1619.21,26922.23,245.81,28.25,84.49,Ahola Transport,40.2,329.41,231.74
2/3/2024,Vaskiluoto Power Plant,East,1117.02,3277.15,41984.61,1362.48,42.52,24.9,KWH Logistics,72.89,70.58,430.78
2/4/2024,Wartsila Smart Technology Hub,East,1769.58,3680.5,80541.26,1346.42,3.76,57.67,Oy EL-Ho Oy,77.98,442.19,161.36
2/5/2024,Vaasa Logistics Center,North,2870.98,1251.69,59880.39,813.09,12.79,6.73,Ahola Transport,11.82,488.07,123.23
2/6/2024,Kivihaka Distribution Center,West,1238.79,1254.29,10470.67,329.08,76.55,9.49,LEKO Logistics,0,486,221.65
2/7/2024,ABB Vaasa Factory,South,2632.92,665.02,78489.17,937.33,0,99.89,Wasaline,71.21,387.34,966.8
2/8/2024,Kivihaka Distribution Center,East,6247.37,3813.81,13178.02,760.19,41.66,32.66,LEKO Logistics,35.66,108.54,594.58
2/9/2024,Vaskiluoto Power Plant,East,4792.82,3487.12,77116.04,1418.82,52.25,74.82,KWH Logistics,25.45,391.22,969.24
2/10/2024,Kivihaka Distribution Center,South,9034.05,2635.84,28223.25,1290.4,5.46,80.67,LEKO Logistics,1.29,61.06,489.25
2/11/2024,ABB Vaasa Factory,South,8356.99,4298.77,96226.61,856.27,97.31,85.8,Wasaline,54.03,59.96,380.63
2/12/2024,Vaskiluoto Power Plant,East,4076.36,4125.52,43114.67,592.21,22.61,99.76,KWH Logistics,85.12,195.62,555.53
2/13/2024,Kivihaka Distribution Center,East,3334.81,3134.09,39423.85,1978.46,30.42,24.15,LEKO Logistics,95.76,269.89,495.56
2/14/2024,Vaskiluoto Power Plant,South,4417.23,4407.22,23399.92,1017.2,30.39,4.04,KWH Logistics,56.57,396.68,195.1
2/15/2024,Wartsila Smart Technology Hub,East,6312.65,1426.29,37504.38,1438.89,23.04,41.12,Oy EL-Ho Oy,51.45,357.48,676.74
2/16/2024,Wartsila Smart Technology Hub,North,3412.57,1003.64,88898.57,453,0.15,13.01,Oy EL-Ho Oy,8.51,250.66,294.43
2/17/2024,Kivihaka Distribution Center,North,6617.34,1713.87,99670.09,1074.06,72.93,2.24,LEKO Logistics,54.89,173.13,657.63
2/18/2024,Vaskiluoto Power Plant,South,4684.7,756.89,43147.86,249.57,96.68,36.04,KWH Logistics,38,498.71,685.18
2/19/2024,ABB Vaasa Factory,West,5968.42,2890.26,50374.96,1109.82,22.43,78.37,Wasaline,60.71,241.78,236.82
2/20/2024,Kivihaka Distribution Center,South,4925.14,4714.73,74986.38,1935.23,66.3,56.62,LEKO Logistics,38.87,253.12,155.21
2/21/2024,Wartsila Smart Technology Hub,South,3650.19,677.05,89757.62,891.57,74.19,31.28,Oy EL-Ho Oy,24.03,123.63,802.69
2/22/2024,Wartsila Smart Technology Hub,West,9536.08,1049.49,63373.99,270.19,84.84,65.43,Oy EL-Ho Oy,9.5,407.66,513.82
2/23/2024,Kivihaka Distribution Center,West,7872.45,2534.9,45237.31,255.72,42.26,23.2,LEKO Logistics,31.49,362.16,152.35
2/24/2024,Vaskiluoto Power Plant,West,2261.02,4702.44,47135.97,898.38,30.29,1.44,KWH Logistics,9.66,149.35,995.38
2/25/2024,Wartsila Smart Technology Hub,North,8816.21,1922.7,72605.63,488.04,32.53,76.44,Oy EL-Ho Oy,17.69,87.07,152
2/26/2024,Vaskiluoto Power Plant,East,5386.88,2782.56,10289.64,242.03,71.26,62.37,KWH Logistics,98.73,356.22,725.53
2/27/2024,Wartsila Smart Technology Hub,North,9050.97,687.08,65763.04,1561.18,81.68,76.23,Oy EL-Ho Oy,44.41,344.53,985.31
2/28/2024,Wartsila Smart Technology Hub,East,8198.7,1167.54,41994.37,1025.34,18.16,3.89,Oy EL-Ho Oy,53.19,172.97,315.26
2/29/2024,Vaasa Logistics Center,North,4826.92,4939.84,81477.76,720.64,37.09,83.71,Ahola Transport,87.36,477.89,228.02
3/1/2024,Wartsila Smart Technology Hub,East,1202.22,4843.03,18369.16,1820.15,90.19,61.95,Oy EL-Ho Oy,99.56,117.98,209.25
3/2/2024,ABB Vaasa Factory,North,3418.1,522.23,62938.2,409.05,80.67,56.34,Wasaline,58.27,244.55,372.95
3/3/2024,Kivihaka Distribution Center,West,5874.71,4783.15,53287.56,1920.65,98.49,62.46,LEKO Logistics,81.25,474.63,190.94
3/4/2024,Kivihaka Distribution Center,South,6701.3,3376.04,67809.3,765.14,75.42,86.44,LEKO Logistics,32.69,238.88,722.95
3/5/2024,Vaskiluoto Power Plant,North,3320.99,4405.63,15836.82,1799.13,39.32,58.69,KWH Logistics,30.57,337.34,156.06
3/6/2024,Wartsila Smart Technology Hub,East,2254.2,2546.33,62198.54,1285.3,59.06,58.1,Oy EL-Ho Oy,40.27,228.92,558.48
3/7/2024,ABB Vaasa Factory,West,8514.37,2820.18,60533.61,1688.07,66.1,99.07,Wasaline,67.25,173.4,997.03
3/8/2024,Vaskiluoto Power Plant,North,9859.62,2699.81,60459.41,1971.22,7.85,75.67,KWH Logistics,68.22,492.79,832.57
3/9/2024,Vaasa Logistics Center,North,5731.21,3500.89,64313.89,719.13,54.45,44.23,Ahola Transport,31.52,234.2,653.7
3/10/2024,Vaskiluoto Power Plant,West,2545.11,1128.43,70882.11,1930.04,70.93,70.74,KWH Logistics,13.32,452.34,375.63
3/11/2024,Vaskiluoto Power Plant,North,3450.77,634.88,82449.01,901.07,16.73,38.92,KWH Logistics,63.24,153.48,661.51
3/12/2024,Wartsila Smart Technology Hub,South,1165.52,1885.68,34283.86,893.92,78.06,22.89,Oy EL-Ho Oy,12.83,145.9,574.34
3/13/2024,Vaasa Logistics Center,North,9228.69,3671.06,84254.45,812.7,58.38,59.69,Ahola Transport,57.85,64.01,483.48
3/14/2024,Vaskiluoto Power Plant,South,2059.76,1408.34,54843.01,1174.53,95.22,92.82,KWH Logistics,69.34,343.25,217.64
3/15/2024,ABB Vaasa Factory,South,6188.65,3530.45,16935.25,477.46,4.24,92.91,Wasaline,70.06,215.84,897.94
3/16/2024,ABB Vaasa Factory,West,3466.5,4864.6,15269.58,1196.68,26.53,34.19,Wasaline,75.35,438.96,504.81
3/17/2024,Kivihaka Distribution Center,North,5987.6,922.55,40081.45,1175.07,60.16,52.77,LEKO Logistics,87.29,262.94,275.16
3/18/2024,Vaasa Logistics Center,West,6862.78,3526.71,80640.73,1571.42,29.66,21.16,Ahola Transport,50,485.69,430.98
3/19/2024,Vaasa Logistics Center,North,8467.68,2496.88,73691.28,1700.57,71.44,99.56,Ahola Transport,73.02,133.49,472.72
3/20/2024,Kivihaka Distribution Center,North,2857.79,4406.64,80975.35,992.79,75.9,98.11,LEKO Logistics,61.92,440.88,844.78
3/21/2024,Vaskiluoto Power Plant,East,1098.96,1297.17,56554.22,744.2,10.25,64.95,KWH Logistics,18.66,399.47,760.25
3/22/2024,Vaasa Logistics Center,North,2231.97,3616.82,49617.91,666.8,51.39,80.44,Ahola Transport,2.57,396.91,792.37
3/23/2024,ABB Vaasa Factory,West,9100.17,4271.52,23270.73,550.32,50.89,71.51,Wasaline,28.45,430.15,109.93
3/24/2024,ABB Vaasa Factory,South,8865.01,4750.76,39537.35,303.77,36.93,59.32,Wasaline,44.3,392.46,474.54
3/25/2024,Wartsila Smart Technology Hub,North,6376.72,3574.62,49061.74,816.41,93.29,5.33,Oy EL-Ho Oy,61.71,331.8,533.21
3/26/2024,Vaasa Logistics Center,East,6404.65,2737.29,17974.04,686.45,82.75,45.48,Ahola Transport,85,109.06,117.27
3/27/2024,Vaskiluoto Power Plant,West,6985.33,3280.31,29855.08,1939.55,69.72,67.48,KWH Logistics,19.62,64.64,333.83
3/28/2024,Kivihaka Distribution Center,North,2578.34,4410.07,63840.28,1203.88,71.43,67.75,LEKO Logistics,12.55,464.38,784.26
3/29/2024,Kivihaka Distribution Center,West,9229.71,3067.74,76209.68,825.1,46.17,37.31,LEKO Logistics,96.35,327.49,223.4
3/30/2024,Vaskiluoto Power Plant,East,4768.93,636.74,99851.28,1244.84,92.1,94.17,KWH Logistics,10.8,408.44,581.78
3/31/2024,Wartsila Smart Technology Hub,East,4448.25,4689.27,93980.2,450.55,69.46,16.74,Oy EL-Ho Oy,47.85,266.69,293.68
4/1/2024,Kivihaka Distribution Center,West,5670.26,3602.87,67830.87,999.28,72.9,50.04,LEKO Logistics,58.56,102.79,110.91
4/2/2024,Vaasa Logistics Center,North,1422.69,3544.31,47912.32,1327.22,86.17,69.09,Ahola Transport,54.14,106.33,317.08
4/3/2024,Wartsila Smart Technology Hub,South,2496.55,1470.54,67255.96,1080.02,27.41,69.71,Oy EL-Ho Oy,8.6,358.5,978.29
4/4/2024,Vaasa Logistics Center,East,7642.3,3464.98,80708.65,923.2,80.71,64.86,Ahola Transport,5.7,243.64,821.38
4/5/2024,ABB Vaasa Factory,North,1745.19,2272.39,20650.26,1988.93,19.52,27.53,Wasaline,10.55,140.24,963.62
4/6/2024,Wartsila Smart Technology Hub,North,6428.37,3430.55,46891.44,1784.57,34.53,15.62,Oy EL-Ho Oy,58.56,271.22,539.07
4/7/2024,Kivihaka Distribution Center,South,3208.14,979.67,85582.21,1322.13,33.56,63.59,LEKO Logistics,54.43,78.89,198.76
4/8/2024,Wartsila Smart Technology Hub,East,4503.66,3460.3,44544.97,1224.88,97.85,59.93,Oy EL-Ho Oy,23.37,311.89,593.16
4/9/2024,Wartsila Smart Technology Hub,East,3598.24,4997.36,61468.5,1317.19,85.65,17.94,Oy EL-Ho Oy,63.78,171.05,508.94
4/10/2024,Wartsila Smart Technology Hub,North,4201.05,716.95,62899.24,562.36,70.12,70.51,Oy EL-Ho Oy,82.01,408.9,859.92
4/11/2024,Wartsila Smart Technology Hub,North,7471.41,4897.28,26602.86,911.25,72.71,45.52,Oy EL-Ho Oy,4.16,189.66,188.27
4/12/2024,Vaasa Logistics Center,South,3674.1,2331.09,42601.19,271.03,56.21,66.78,Ahola Transport,49.81,254.85,539.42
4/13/2024,ABB Vaasa Factory,South,6097.64,4418.39,40106.02,1055.98,94.71,83.74,Wasaline,68.93,55.23,235.04
4/14/2024,Vaskiluoto Power Plant,East,5284.45,4020.73,12357.7,1177.44,49.63,16.97,KWH Logistics,25.23,82.6,392.21
4/15/2024,Wartsila Smart Technology Hub,West,6973.04,3051.57,12177.26,609.95,38.05,1.91,Oy EL-Ho Oy,30.78,226.62,763.62
4/16/2024,Kivihaka Distribution Center,East,9431.47,3823.02,84852.73,1935.25,16.3,77.91,LEKO Logistics,61.36,265.97,528.42
4/17/2024,Wartsila Smart Technology Hub,North,7593.15,4453.32,34576.37,1837.02,78.62,60.97,Oy EL-Ho Oy,89.79,320.01,438.3
4/18/2024,Kivihaka Distribution Center,East,2934.46,2318.63,56627.09,1499.86,73.44,69.96,LEKO Logistics,80.99,181.25,455.03
4/19/2024,Vaasa Logistics Center,West,1280.65,1971.65,36885.3,1160.1,38.44,83.82,Ahola Transport,58.31,362.74,513.5
4/20/2024,Kivihaka Distribution Center,South,3360.38,3504.17,94661.13,1765.94,2.52,80.28,LEKO Logistics,73.02,437.06,806.51
4/21/2024,Vaskiluoto Power Plant,West,6355.7,4135.31,33336.71,435.17,83.9,96.09,KWH Logistics,36.48,400.93,902.88
4/22/2024,ABB Vaasa Factory,West,1462.83,3930.28,48669.11,1622.92,1.14,53.59,Wasaline,64.1,67.83,959.8
4/23/2024,Kivihaka Distribution Center,West,5467.3,4090.16,88545.72,424.68,70.37,48.85,LEKO Logistics,46.62,266.23,808.21
4/24/2024,Kivihaka Distribution Center,South,6371.59,2460.12,85774.02,1629.58,97.03,40.19,LEKO Logistics,18.99,97.22,383.87
4/25/2024,ABB Vaasa Factory,West,4008.2,4180.25,26749.13,696.38,43.77,15.37,Wasaline,70.17,158.92,719.32
4/26/2024,Vaskiluoto Power Plant,West,7938.21,1040.94,82237.9,1778.76,23.5,57.26,KWH Logistics,55.65,494,493.84
4/27/2024,Wartsila Smart Technology Hub,West,1959.38,2950.2,51236.82,1899.28,70.49,27.7,Oy EL-Ho Oy,35.86,114.12,329.2
4/28/2024,Kivihaka Distribution Center,North,1676.24,525.91,53467.2,467.83,81.71,92.13,LEKO Logistics,91.13,274.5,856.78
4/29/2024,ABB Vaasa Factory,West,7553.7,1960.64,22013.2,1032.82,54.64,58.32,Wasaline,2.09,328.17,134.58
4/30/2024,Vaasa Logistics Center,South,5459.42,2149.08,17254.14,1965.78,96.7,59.28,Ahola Transport,31.58,366.11,911.59
5/1/2024,ABB Vaasa Factory,West,7195.62,2282.78,75514.54,1070.13,5.17,35.49,Wasaline,5.69,301.84,515.33
5/2/2024,Vaasa Logistics Center,West,4913.45,3629.6,54681.5,1754.39,50.48,5.2,Ahola Transport,76.65,54.4,673.48
5/3/2024,Vaskiluoto Power Plant,South,3217.62,2248.51,49316.56,1259.72,71.85,3.17,KWH Logistics,70.21,196.91,693.42
5/4/2024,Wartsila Smart Technology Hub,West,8371.92,2519.12,75655.74,875.59,86.26,42.33,Oy EL-Ho Oy,33.14,282.97,905.61
5/5/2024,ABB Vaasa Factory,South,8194.74,1568.95,78896.16,714.41,17.93,8.46,Wasaline,67.57,89.54,673
5/6/2024,Kivihaka Distribution Center,West,7252.27,2179.63,24301.74,565.8,80,60.68,LEKO Logistics,39.59,207.78,652.54
5/7/2024,Vaskiluoto Power Plant,South,3449.31,1522.71,64920.26,1571.24,55.27,88.1,KWH Logistics,75.63,64.94,159.99
5/8/2024,ABB Vaasa Factory,West,6312.08,829.38,22181.87,895.77,39.66,88.29,Wasaline,45.42,85.36,566.57
5/9/2024,Kivihaka Distribution Center,West,4248.77,3215.52,77623.76,1120.3,13.17,65.9,LEKO Logistics,41.23,228.62,235.15
5/10/2024,ABB Vaasa Factory,North,1824.24,3506.96,69125.96,1086.19,86.53,21.12,Wasaline,93.47,109.72,763.69
5/11/2024,Vaasa Logistics Center,North,9255.82,3287.71,96095.32,1239.1,15.73,86.3,Ahola Transport,25.09,305.39,561
5/12/2024,ABB Vaasa Factory,West,2231.37,2585.72,16206.22,1758.04,30.98,88.61,Wasaline,12.04,360.26,712.21
5/13/2024,ABB Vaasa Factory,West,9552.14,2209.04,15134.92,1965.33,29,19.67,Wasaline,58.45,410.26,137.51
5/14/2024,ABB Vaasa Factory,East,5014.05,4385,35396.84,933.65,87.14,73.74,Wasaline,96.93,140.07,176.31
