Timestamp,Facility,Region,Energy_Consumption_kWh,CO2_Emissions_kg,Water_Usage_Liters,Waste_Generated_kg,Renewable_Energy_Percentage,Recycled_Waste_Percentage,Supplier,Fleet_EV_Percentage,Heat_Generation_MWh,Electricity_Generation_MWh
09/10/2023,Vaskiluoto Power Plant,West,4073.29,4837.06,87751.31,1165.56,17.56,96.26,KWH Logistics,86.73,433.42,523.97
09/11/2023,ABB Vaasa Factory,North,1484.04,832.71,86192.84,1228.59,68.23,76.99,Wasaline,68.05,352.72,855.92
09/12/2023,Wartsila Smart Technology Hub,North,5367.87,4279.36,74507.27,853.3,24.43,16.19,Ahola Transport,39.35,429.27,238.19
09/13/2023,ABB Vaasa Factory,East,6239.54,1257.94,47125.33,342.46,4.01,13.64,Oy EL-Ho Oy,56.33,375.6,651.69
09/14/2023,Vaasa Logistics Center,South,4371.68,1932.79,41203.99,890.84,29.76,31.99,LEKO Logistics,38.48,495.8,465.67
09/15/2023,Vaasa Logistics Center,East,1896.17,2341.03,24312.03,760.13,61.44,20.28,Wasaline,20.9,412.89,941.19
09/16/2023,Wartsila Smart Technology Hub,North,3526.75,4080.43,97897.57,1065.49,64.04,9.83,Wasaline,51.81,367.75,322.21
09/17/2023,Vaasa Logistics Center,North,4418.84,3113.61,23189.46,1721.56,65.57,10.04,Ahola Transport,33.65,140.24,329.84
09/18/2023,Vaskiluoto Power Plant,South,8119.4,3943.82,62912.14,639.17,65.52,74.3,Wasaline,39.64,492.7,262.19
09/19/2023,Kivihaka Distribution Center,South,3784.77,1561.15,80561.67,1481.68,4.95,78.98,Ahola Transport,17.75,96.58,342.96
09/20/2023,Vaasa Logistics Center,East,7606.53,4353.02,14187.38,749.29,16.12,55.37,KWH Logistics,65.21,200.83,185.49
09/21/2023,Kivihaka Distribution Center,West,9238.7,3316.44,71097.46,249.52,18.79,63.25,Wasaline,5.92,391.72,824.08
09/22/2023,Vaskiluoto Power Plant,South,4133.02,4708.23,11315.27,1479.72,28.17,33.6,Wasaline,61.03,199.98,874.43
09/23/2023,Vaskiluoto Power Plant,South,9899.46,2956.29,81966.34,721.74,64.42,99.24,KWH Logistics,42.87,316.45,205.75
09/24/2023,ABB Vaasa Factory,East,6999.67,2630.71,18737.01,1838.59,35.47,63.64,Oy EL-Ho Oy,85.87,59.52,665.89
09/25/2023,Kivihaka Distribution Center,North,7883.29,914.18,34844.17,800.97,41.37,54.74,Ahola Transport,73.47,90.45,596.6
09/26/2023,ABB Vaasa Factory,East,9754.48,3834.95,39734.48,1848.4,26.87,93.13,Wasaline,9.36,432.66,835.12
09/27/2023,Kivihaka Distribution Center,West,8363.32,4669.51,96709.84,1016.6,72.8,70.68,LEKO Logistics,3.56,333.76,764.13
09/28/2023,Wartsila Smart Technology Hub,South,8481.91,4307.59,91059.68,1152.17,59.67,85.43,Ahola Transport,64.03,325.48,993.37
09/29/2023,ABB Vaasa Factory,East,6113.24,4673.92,60788.49,601.15,4.26,39.27,KWH Logistics,29.31,302.17,392.15
09/30/2023,Vaasa Logistics Center,East,6840.73,1609.82,13539.43,1188.2,74.38,91.68,Oy EL-Ho Oy,37.27,394.49,439.11
10/01/2023,Vaasa Logistics Center,North,8518.14,1156.45,35310.81,1040.23,55.3,18.63,Ahola Transport,96.42,303.78,844.41
10/02/2023,Vaasa Logistics Center,South,6160.11,2547.56,33544.21,1425.11,95.64,15.37,KWH Logistics,66.15,219.11,883.66
10/03/2023,ABB Vaasa Factory,East,3307.32,4243.02,97918.1,1931.8,61.83,6.96,Oy EL-Ho Oy,68.85,330.49,258.29
10/04/2023,ABB Vaasa Factory,South,8387.07,1006.77,29775.65,1742.5,94.31,52.13,Wasaline,11.1,424.37,494.09
10/05/2023,Kivihaka Distribution Center,West,4600.31,571.61,75867.46,1540.7,92.55,68.71,Ahola Transport,20.53,70.58,910.51
10/06/2023,Vaskiluoto Power Plant,East,5986.29,3084.04,39908.74,1520.13,3.43,80.73,Oy EL-Ho Oy,73.43,171.29,571.36
10/07/2023,Vaasa Logistics Center,East,2710.5,729.48,23542.48,296.9,36.06,51.59,KWH Logistics,60.95,155.5,460.48
10/08/2023,Vaasa Logistics Center,West,7337.26,2326.86,78118.27,420.45,22.31,57.18,Oy EL-Ho Oy,70.81,201.17,722.76
10/09/2023,Vaskiluoto Power Plant,North,9589.05,1998.66,36411.52,1124.77,61.58,10.96,KWH Logistics,40.86,148.84,864.51
10/10/2023,ABB Vaasa Factory,East,9194.08,3168.86,39784.88,1518.21,39.7,29.64,Ahola Transport,6.93,389.01,108.28
10/11/2023,ABB Vaasa Factory,North,2716.83,4572.02,61178.66,870.28,67.92,95.05,KWH Logistics,84.12,316.96,828.49
10/12/2023,Vaskiluoto Power Plant,East,9080.36,4298.86,71299.8,1550.98,16.45,27.19,Oy EL-Ho Oy,4.78,202.56,783.95
10/13/2023,Vaskiluoto Power Plant,West,2941.12,864.84,10375.65,920.7,87.18,80.51,Oy EL-Ho Oy,17.7,285.32,604.28
10/14/2023,Vaskiluoto Power Plant,East,2903.92,753.24,54662.87,1969.18,73.36,68.86,KWH Logistics,1.2,146.23,695.24
10/15/2023,Vaskiluoto Power Plant,South,3193.26,3197.39,34893.33,400.96,85.7,28.96,LEKO Logistics,82.12,275.94,954.37
10/16/2023,Kivihaka Distribution Center,South,8299.7,1438.4,18528.0,1513.12,55.05,90.01,KWH Logistics,2.42,412.31,324.57
10/17/2023,Wartsila Smart Technology Hub,North,4289.31,4467.89,81174.01,1446.2,76.62,74.0,Oy EL-Ho Oy,12.64,489.4,733.92
10/18/2023,Wartsila Smart Technology Hub,West,2986.42,3544.09,22761.59,1287.04,83.56,34.63,Ahola Transport,50.54,407.65,764.43
10/19/2023,Vaasa Logistics Center,North,3811.64,1471.77,34374.9,1358.18,77.23,58.55,KWH Logistics,1.72,438.67,658.72
10/20/2023,Vaasa Logistics Center,South,4086.46,668.15,81957.97,244.38,12.27,15.54,Ahola Transport,27.94,187.17,434.69
10/21/2023,ABB Vaasa Factory,West,3525.47,1301.96,51343.3,1549.01,11.61,98.88,Ahola Transport,34.03,278.15,445.83
10/22/2023,Vaasa Logistics Center,East,4733.11,3846.09,75855.03,542.13,56.2,46.72,Ahola Transport,34.98,470.87,467.97
10/23/2023,ABB Vaasa Factory,South,5507.78,1332.09,57684.92,1062.27,12.18,50.23,KWH Logistics,73.88,239.95,615.25
10/24/2023,Vaasa Logistics Center,West,2989.95,620.34,30668.22,1695.34,14.0,1.98,KWH Logistics,49.56,304.67,705.64
10/25/2023,ABB Vaasa Factory,North,5733.8,2662.17,66076.25,926.87,11.26,47.63,KWH Logistics,27.92,403.5,675.95
10/26/2023,Kivihaka Distribution Center,South,6670.29,1632.04,29972.79,826.32,24.23,63.54,LEKO Logistics,46.89,200.9,559.68
10/27/2023,ABB Vaasa Factory,North,6106.01,1845.41,56230.53,376.88,77.71,57.4,Wasaline,6.3,440.4,196.69
10/28/2023,ABB Vaasa Factory,East,2012.5,4501.04,81039.85,1342.43,75.85,3.96,KWH Logistics,10.4,59.99,330.05
10/29/2023,Vaskiluoto Power Plant,West,2499.74,4148.48,28385.68,1105.48,38.46,92.36,LEKO Logistics,26.24,201.32,710.32
10/30/2023,Vaskiluoto Power Plant,West,1929.05,1413.07,86029.59,1003.34,21.22,49.17,LEKO Logistics,11.59,384.77,146.73
10/31/2023,Vaskiluoto Power Plant,East,2232.56,2176.94,15305.52,502.97,71.26,70.83,Wasaline,64.01,225.06,869.23
11/01/2023,Kivihaka Distribution Center,East,9304.18,4693.73,51754.33,1080.27,86.75,21.65,LEKO Logistics,3.71,180.51,918.19
11/02/2023,ABB Vaasa Factory,South,1706.56,1060.57,53665.58,1239.84,9.95,7.74,KWH Logistics,88.03,399.21,420.78
11/03/2023,Vaasa Logistics Center,South,1664.61,4268.73,13974.32,872.7,16.57,16.55,Oy EL-Ho Oy,6.47,425.83,349.88
11/04/2023,Vaskiluoto Power Plant,North,7945.56,2289.69,38606.92,674.03,90.84,36.81,KWH Logistics,85.88,241.82,834.04
11/05/2023,Vaskiluoto Power Plant,East,8012.23,655.3,43323.02,1889.34,76.28,98.7,KWH Logistics,78.24,281.38,449.76
11/06/2023,ABB Vaasa Factory,West,5561.3,3294.87,77830.09,1422.99,53.16,56.2,Wasaline,20.98,75.0,666.75
11/07/2023,Wartsila Smart Technology Hub,West,3424.52,2464.64,54024.7,1046.31,36.88,89.87,KWH Logistics,64.1,166.15,270.26
11/08/2023,ABB Vaasa Factory,South,2090.87,2009.39,82983.37,1508.46,60.04,62.16,Ahola Transport,98.74,280.24,234.69
11/09/2023,ABB Vaasa Factory,West,4344.54,2203.28,85905.39,543.73,44.48,65.73,Wasaline,10.69,169.83,315.94
11/10/2023,ABB Vaasa Factory,South,6880.67,2950.7,55505.29,1651.49,29.97,77.04,LEKO Logistics,55.0,126.01,898.67
11/11/2023,Vaskiluoto Power Plant,South,7770.4,1175.57,41995.56,1083.02,28.29,80.18,LEKO Logistics,28.32,75.37,186.44
11/12/2023,Wartsila Smart Technology Hub,South,8138.9,879.94,53864.19,1377.66,34.62,86.54,KWH Logistics,37.78,450.67,186.61
11/13/2023,Wartsila Smart Technology Hub,East,1476.23,1708.92,63511.73,951.19,17.73,72.54,Oy EL-Ho Oy,70.97,265.1,298.19
11/14/2023,ABB Vaasa Factory,South,7197.48,4113.46,73680.89,628.6,32.68,93.76,Wasaline,91.07,231.21,461.05
11/15/2023,ABB Vaasa Factory,South,4552.43,525.12,74493.53,1723.41,17.97,94.42,KWH Logistics,56.1,103.14,207.41
11/16/2023,Wartsila Smart Technology Hub,South,4436.01,2820.69,53191.81,1513.31,25.77,28.87,Oy EL-Ho Oy,73.67,159.12,434.83
11/17/2023,Wartsila Smart Technology Hub,West,1652.13,1548.86,83976.69,458.02,55.23,39.03,LEKO Logistics,89.03,333.2,117.16
11/18/2023,Kivihaka Distribution Center,South,9347.1,1790.11,60672.96,1283.91,72.77,40.03,LEKO Logistics,87.37,330.46,972.19
11/19/2023,Vaasa Logistics Center,South,7821.63,4674.11,83590.94,1668.34,2.9,36.22,Ahola Transport,52.46,148.78,261.1
11/20/2023,ABB Vaasa Factory,West,1129.82,3962.05,49065.38,1296.9,11.92,44.4,Oy EL-Ho Oy,92.71,143.47,646.71
11/21/2023,Kivihaka Distribution Center,West,5698.27,2446.44,18052.44,585.7,85.66,31.54,Oy EL-Ho Oy,74.64,450.37,947.59
11/22/2023,Wartsila Smart Technology Hub,South,6986.93,1723.72,41701.97,696.73,93.45,3.18,LEKO Logistics,90.52,211.18,860.07
11/23/2023,Vaasa Logistics Center,East,3194.33,1881.91,70109.34,716.07,82.08,87.17,Wasaline,76.07,133.01,312.6
11/24/2023,Vaasa Logistics Center,South,9908.3,1579.1,60515.79,1856.37,67.83,93.29,LEKO Logistics,50.23,226.93,831.63
11/25/2023,Kivihaka Distribution Center,North,8029.77,3620.43,20611.64,467.29,53.54,99.64,Oy EL-Ho Oy,20.7,289.49,621.2
11/26/2023,ABB Vaasa Factory,East,3590.08,3363.95,51334.75,1394.97,2.91,85.12,Ahola Transport,60.1,232.88,420.91
11/27/2023,Vaasa Logistics Center,West,2501.89,1674.88,91616.88,236.64,16.22,19.31,LEKO Logistics,35.09,375.31,977.29
11/28/2023,Vaasa Logistics Center,North,5480.71,3715.18,43433.6,704.72,62.94,65.6,LEKO Logistics,42.9,158.99,474.95
11/29/2023,Vaasa Logistics Center,West,2845.82,1415.8,98643.9,970.72,20.07,34.59,Ahola Transport,14.08,118.56,522.05
11/30/2023,Vaasa Logistics Center,North,2486.36,3473.77,29915.42,1780.91,43.74,17.01,Oy EL-Ho Oy,33.5,462.66,294.45
12/01/2023,Kivihaka Distribution Center,North,9281.25,3205.93,82014.12,317.47,34.86,92.65,Oy EL-Ho Oy,59.38,63.26,826.13
12/02/2023,Wartsila Smart Technology Hub,West,9559.06,3997.19,79759.02,1429.49,70.68,46.43,LEKO Logistics,92.35,209.59,445.67
12/03/2023,Vaasa Logistics Center,West,4977.14,1797.39,20277.28,1527.48,30.29,72.06,Wasaline,9.02,323.6,637.22
12/04/2023,Wartsila Smart Technology Hub,West,6747.53,4417.87,56394.36,332.1,91.27,13.86,Ahola Transport,71.09,484.51,432.13
12/05/2023,Vaasa Logistics Center,South,8017.35,4628.86,22932.04,487.24,43.96,0.45,LEKO Logistics,97.29,62.57,248.07
12/06/2023,Vaskiluoto Power Plant,East,5936.47,796.24,60802.79,308.51,90.53,63.17,Oy EL-Ho Oy,97.26,449.25,269.52
12/07/2023,ABB Vaasa Factory,North,4424.98,1629.52,68190.1,323.27,67.67,99.44,Oy EL-Ho Oy,52.0,65.99,665.61
12/08/2023,Wartsila Smart Technology Hub,South,2724.81,543.56,73034.8,847.56,30.77,8.36,Oy EL-Ho Oy,30.95,183.79,848.14
12/09/2023,ABB Vaasa Factory,West,7169.91,2227.43,44516.19,1618.18,81.54,19.28,LEKO Logistics,43.55,336.17,289.69
12/10/2023,Kivihaka Distribution Center,West,6364.46,4300.5,73724.48,1203.58,87.82,43.17,LEKO Logistics,95.22,376.36,343.35
12/11/2023,Kivihaka Distribution Center,South,9453.25,4567.3,72982.54,1831.04,14.43,0.49,Oy EL-Ho Oy,53.88,175.74,441.11
12/12/2023,Kivihaka Distribution Center,West,8091.39,3869.16,66197.61,1585.04,88.24,48.62,LEKO Logistics,97.65,151.73,470.82
12/13/2023,ABB Vaasa Factory,South,5414.64,3907.48,55634.29,1473.09,6.63,2.11,Ahola Transport,52.06,471.33,896.53
12/14/2023,Vaasa Logistics Center,East,5045.22,2773.39,30976.81,1591.16,29.89,48.67,Ahola Transport,22.52,420.78,261.35
12/15/2023,Wartsila Smart Technology Hub,South,9570.88,2259.41,47970.4,795.1,69.53,60.68,Oy EL-Ho Oy,58.59,370.41,962.95
12/16/2023,Wartsila Smart Technology Hub,East,4402.06,1275.34,13370.14,1895.11,95.15,92.64,LEKO Logistics,98.8,496.48,233.8
12/17/2023,Wartsila Smart Technology Hub,North,2354.8,4967.06,21709.17,1468.27,33.33,3.75,LEKO Logistics,14.18,208.74,400.26
12/18/2023,Wartsila Smart Technology Hub,East,7156.8,1608.95,39031.62,726.54,56.89,53.9,Ahola Transport,74.45,410.24,404.93
12/19/2023,Kivihaka Distribution Center,West,3472.57,3349.83,81087.42,386.28,99.7,81.25,Oy EL-Ho Oy,40.65,404.07,860.91
12/20/2023,Wartsila Smart Technology Hub,South,6027.95,3359.86,60563.36,1519.74,96.64,35.22,Wasaline,37.03,351.1,910.82
12/21/2023,Vaskiluoto Power Plant,South,2432.56,4763.65,79868.78,679.74,17.01,4.57,LEKO Logistics,32.11,439.44,601.52
12/22/2023,ABB Vaasa Factory,North,2312.25,1724.64,35602.75,1306.95,99.59,54.56,KWH Logistics,4.1,309.95,512.82
12/23/2023,Vaskiluoto Power Plant,West,5765.13,3223.97,52201.66,590.46,87.94,64.46,LEKO Logistics,44.54,387.84,847.82
12/24/2023,Vaasa Logistics Center,West,5447.2,3408.76,62528.87,1420.77,18.26,13.99,Ahola Transport,3.93,378.32,617.36
12/25/2023,Vaasa Logistics Center,North,1384.08,3624.98,80984.15,1049.41,80.18,14.77,Ahola Transport,27.66,478.85,805.94
12/26/2023,Kivihaka Distribution Center,East,8779.26,1360.6,24169.56,523.43,66.45,21.07,Ahola Transport,78.07,85.59,805.37
12/27/2023,Wartsila Smart Technology Hub,East,7355.0,3134.99,78939.65,1192.77,99.52,6.22,Oy EL-Ho Oy,33.33,124.2,451.84
12/28/2023,Kivihaka Distribution Center,North,2677.65,4583.65,46971.62,1164.96,21.22,13.99,Wasaline,49.03,314.3,386.42
12/29/2023,ABB Vaasa Factory,East,4637.0,4810.46,97297.12,1335.37,64.06,33.94,LEKO Logistics,69.39,75.14,984.68
12/30/2023,Vaasa Logistics Center,North,1104.36,2152.24,92885.88,1134.51,69.83,35.22,Wasaline,60.86,365.25,318.77
12/31/2023,ABB Vaasa Factory,South,1900.24,3872.89,62888.97,1333.47,27.08,89.42,Wasaline,15.09,216.31,595.8
01/01/2024,Vaasa Logistics Center,North,1352.19,1323.4,16241.12,1473.55,2.35,3.47,LEKO Logistics,96.1,366.23,719.06
01/02/2024,Vaskiluoto Power Plant,East,8771.53,4864.85,72548.88,1176.37,16.25,13.82,Ahola Transport,92.24,417.01,791.91
01/03/2024,Kivihaka Distribution Center,East,3591.45,4160.82,26292.98,1016.18,47.46,88.79,Ahola Transport,71.56,482.2,311.03
01/04/2024,Vaasa Logistics Center,North,2637.75,3267.52,31003.54,794.52,37.51,60.23,Wasaline,65.01,227.84,821.05
01/05/2024,ABB Vaasa Factory,South,2535.62,1322.55,41790.94,497.18,15.56,82.44,LEKO Logistics,57.31,81.67,963.86
01/06/2024,Wartsila Smart Technology Hub,East,9924.13,3146.23,55750.14,598.21,94.61,23.7,Wasaline,38.71,214.15,542.85
01/07/2024,Kivihaka Distribution Center,South,8964.64,4752.56,47999.13,1530.26,4.77,79.69,KWH Logistics,95.17,83.04,536.07
01/08/2024,Kivihaka Distribution Center,West,4503.9,4763.52,60749.97,670.08,3.09,81.97,LEKO Logistics,87.64,144.07,306.51
01/09/2024,Kivihaka Distribution Center,North,7660.67,1905.09,30675.03,561.43,78.96,77.85,LEKO Logistics,0.95,387.55,418.8
01/10/2024,Kivihaka Distribution Center,North,1221.71,2276.61,45602.07,1990.7,38.33,24.07,Ahola Transport,7.38,239.85,252.34
01/11/2024,Vaskiluoto Power Plant,North,2987.48,4432.63,80581.74,1939.82,49.91,77.61,LEKO Logistics,79.09,183.27,573.78
01/12/2024,Vaskiluoto Power Plant,South,8561.26,4323.79,12487.6,1989.65,54.51,67.89,KWH Logistics,14.29,315.34,813.58
01/13/2024,Wartsila Smart Technology Hub,South,1835.14,1407.15,75232.35,1602.39,56.53,14.2,KWH Logistics,63.94,394.22,416.27
01/14/2024,Kivihaka Distribution Center,South,4100.07,1941.79,35057.07,1116.99,59.67,39.8,Ahola Transport,25.33,201.02,460.16
01/15/2024,Vaasa Logistics Center,East,1223.32,2244.32,39169.54,1235.72,98.53,51.02,Wasaline,35.04,186.89,318.58
01/16/2024,Vaasa Logistics Center,East,5342.77,1343.42,34845.95,1910.79,73.56,92.47,KWH Logistics,4.89,151.46,979.03
01/17/2024,Wartsila Smart Technology Hub,South,4941.12,1607.74,27982.15,1017.35,58.28,30.71,Ahola Transport,19.2,267.35,537.39
01/18/2024,Vaskiluoto Power Plant,East,7384.28,1139.86,15637.9,1760.07,92.96,88.51,Oy EL-Ho Oy,87.47,146.89,415.62
01/19/2024,Vaasa Logistics Center,South,4036.27,1018.53,95062.47,1513.9,32.67,29.2,KWH Logistics,79.1,458.29,219.32
01/20/2024,Wartsila Smart Technology Hub,West,1444.93,2333.76,26625.79,1444.75,73.0,61.77,LEKO Logistics,8.65,106.05,188.58
01/21/2024,ABB Vaasa Factory,South,8605.29,2591.25,48217.67,1661.1,96.8,6.07,LEKO Logistics,59.25,196.41,936.53
01/22/2024,Kivihaka Distribution Center,South,3433.61,849.83,94387.26,824.55,59.97,51.47,KWH Logistics,44.71,182.58,466.71
01/23/2024,Kivihaka Distribution Center,North,7188.19,2130.01,42176.18,642.18,47.05,39.19,LEKO Logistics,32.12,339.59,694.03
01/24/2024,Vaskiluoto Power Plant,East,8487.2,3213.28,51296.8,388.55,31.87,95.23,Wasaline,60.19,350.51,140.54
01/25/2024,Vaskiluoto Power Plant,West,3591.8,1223.3,74378.97,1360.16,69.42,89.52,Wasaline,89.04,218.7,526.8
01/26/2024,Vaskiluoto Power Plant,West,9203.8,913.65,99000.46,1972.26,23.71,60.66,KWH Logistics,9.95,194.65,504.37
01/27/2024,Kivihaka Distribution Center,East,8417.38,3001.87,67511.8,1941.79,1.93,60.74,KWH Logistics,35.14,419.29,169.45
01/28/2024,Vaskiluoto Power Plant,West,7188.05,4150.07,15687.7,979.38,45.49,94.47,LEKO Logistics,81.43,490.19,398.77
01/29/2024,Wartsila Smart Technology Hub,North,9505.69,3885.56,79897.64,510.02,55.0,74.23,LEKO Logistics,57.05,172.17,949.48
01/30/2024,Vaskiluoto Power Plant,South,1431.79,968.13,44077.08,1352.52,48.43,56.2,Ahola Transport,0.83,234.75,350.58
01/31/2024,ABB Vaasa Factory,East,1950.46,2587.89,12296.02,208.31,19.45,35.7,Oy EL-Ho Oy,83.33,137.58,285.74
02/01/2024,Vaasa Logistics Center,East,8854.61,1873.11,73964.56,545.1,7.07,15.68,Wasaline,19.32,244.67,386.93
02/02/2024,Vaasa Logistics Center,South,2040.53,583.3,65813.12,1273.28,76.62,20.87,LEKO Logistics,83.22,117.21,737.6
02/03/2024,Wartsila Smart Technology Hub,West,8852.42,3012.39,12115.65,1735.79,19.65,19.5,Ahola Transport,78.77,205.93,851.88
02/04/2024,ABB Vaasa Factory,East,6091.04,4738.33,36253.09,1001.92,31.24,39.72,Oy EL-Ho Oy,3.13,135.86,234.31
02/05/2024,Vaskiluoto Power Plant,East,7143.45,1316.4,17453.2,1067.02,79.96,95.98,KWH Logistics,28.23,253.6,185.14
02/06/2024,Kivihaka Distribution Center,South,1462.13,2358.12,97779.22,1573.97,95.89,63.64,Ahola Transport,6.54,60.44,691.46
02/07/2024,ABB Vaasa Factory,East,8779.3,2015.29,39854.9,1371.56,22.77,65.33,Wasaline,24.09,315.11,658.02
02/08/2024,Vaskiluoto Power Plant,North,4631.54,4802.63,82851.95,1884.68,95.99,64.67,Oy EL-Ho Oy,18.86,379.27,161.08
02/09/2024,ABB Vaasa Factory,North,2257.67,1712.02,73934.2,1088.06,81.12,45.84,Wasaline,9.64,443.48,111.44
02/10/2024,Wartsila Smart Technology Hub,West,7957.33,4932.79,34436.72,812.73,78.85,36.78,KWH Logistics,0.37,433.64,224.49
02/11/2024,Vaasa Logistics Center,East,6567.26,3791.3,59147.29,786.28,95.49,41.28,Oy EL-Ho Oy,17.35,114.16,644.37
02/12/2024,Kivihaka Distribution Center,West,3477.15,560.98,20700.75,1134.7,9.35,93.93,Wasaline,78.06,118.56,266.66
02/13/2024,Vaskiluoto Power Plant,South,7324.54,660.96,84616.67,1078.93,26.39,8.86,Oy EL-Ho Oy,66.82,239.77,941.75
02/14/2024,Vaskiluoto Power Plant,East,2649.8,1370.03,52054.78,571.2,60.46,78.95,KWH Logistics,60.86,453.12,681.52
02/15/2024,Wartsila Smart Technology Hub,West,8326.41,4465.02,88889.82,1480.57,44.41,31.63,LEKO Logistics,38.27,342.13,113.98
02/16/2024,Kivihaka Distribution Center,North,8422.07,3358.63,88655.21,1850.34,1.64,68.56,KWH Logistics,58.63,440.7,918.82
02/17/2024,ABB Vaasa Factory,South,3726.83,1026.3,17718.77,231.08,79.99,42.71,Ahola Transport,97.35,57.17,106.7
02/18/2024,Vaasa Logistics Center,West,1377.65,1174.36,45828.38,935.0,42.09,93.29,Wasaline,31.68,280.82,954.77
02/19/2024,Wartsila Smart Technology Hub,North,7834.88,1768.83,13099.26,1013.22,14.19,69.93,Ahola Transport,91.34,321.46,132.21
02/20/2024,Vaasa Logistics Center,South,3912.64,4634.22,39342.48,880.07,14.27,89.87,Oy EL-Ho Oy,4.08,101.12,461.07
02/21/2024,Vaasa Logistics Center,West,8221.81,1129.5,61323.36,992.21,69.68,5.98,Oy EL-Ho Oy,10.02,63.87,594.58
02/22/2024,Vaasa Logistics Center,East,3021.82,3667.77,28981.63,871.18,93.43,72.89,Ahola Transport,11.92,254.7,361.2
02/23/2024,Vaasa Logistics Center,West,5873.0,643.24,16770.94,1320.88,73.55,53.11,LEKO Logistics,49.28,192.68,123.47
02/24/2024,Vaasa Logistics Center,South,9753.09,1057.17,12144.5,933.04,6.95,87.07,Wasaline,61.97,272.17,828.29
02/25/2024,Kivihaka Distribution Center,West,8842.22,4237.78,96519.8,969.15,79.9,1.13,Oy EL-Ho Oy,56.51,135.43,481.38
02/26/2024,Wartsila Smart Technology Hub,East,8844.45,2317.2,93951.85,1244.73,42.36,88.58,LEKO Logistics,7.61,285.52,624.33
02/27/2024,Vaskiluoto Power Plant,West,4464.93,2996.07,51007.0,968.16,18.29,67.87,LEKO Logistics,15.88,438.98,901.4
02/28/2024,Wartsila Smart Technology Hub,West,1465.05,1764.45,19823.07,1897.31,82.89,17.14,KWH Logistics,25.97,238.66,890.72
02/29/2024,Vaasa Logistics Center,North,2290.7,608.39,80971.55,1600.7,23.72,67.44,KWH Logistics,72.52,253.13,299.41
03/01/2024,Wartsila Smart Technology Hub,East,1548.47,649.95,53947.44,1074.62,24.33,33.21,Oy EL-Ho Oy,34.73,371.06,645.07
03/02/2024,Vaasa Logistics Center,North,6662.04,4403.47,51851.21,818.85,83.09,48.61,KWH Logistics,20.19,387.01,611.34
03/03/2024,Wartsila Smart Technology Hub,North,7346.7,3498.8,27979.69,1730.69,47.56,18.16,Oy EL-Ho Oy,5.87,335.04,182.49
03/04/2024,ABB Vaasa Factory,West,4617.46,4895.6,16265.34,541.08,5.75,82.55,Ahola Transport,98.11,460.09,298.93
03/05/2024,Kivihaka Distribution Center,West,6166.57,4804.93,37574.01,1661.57,99.5,6.55,LEKO Logistics,70.57,444.71,904.24
03/06/2024,Kivihaka Distribution Center,East,3429.19,3307.71,74363.3,1751.37,21.98,74.63,KWH Logistics,44.7,303.34,237.01
03/07/2024,Vaasa Logistics Center,West,5153.16,3252.76,75972.57,774.16,49.1,20.58,Wasaline,33.59,404.92,591.21
03/08/2024,Wartsila Smart Technology Hub,North,5958.16,3076.87,48570.42,901.78,31.39,84.74,LEKO Logistics,97.88,356.36,694.37
03/09/2024,Kivihaka Distribution Center,North,1091.37,1098.21,51416.26,615.63,5.95,77.11,KWH Logistics,47.37,142.31,140.62
03/10/2024,Vaasa Logistics Center,South,9996.85,1758.82,15888.8,920.89,34.29,12.21,LEKO Logistics,93.42,266.36,390.62
03/11/2024,Vaskiluoto Power Plant,South,5531.83,1000.87,20120.97,1790.14,19.48,36.11,KWH Logistics,80.84,470.79,687.05
03/12/2024,Wartsila Smart Technology Hub,West,6084.24,1000.58,91494.47,1670.75,27.77,65.98,Wasaline,50.68,118.03,180.97
03/13/2024,Vaasa Logistics Center,South,2368.78,1766.64,92579.93,1385.52,43.16,55.46,LEKO Logistics,71.2,362.56,164.53
03/14/2024,Wartsila Smart Technology Hub,North,5295.09,4875.93,19043.13,1686.51,66.52,30.51,Ahola Transport,86.78,485.66,751.97
03/15/2024,Wartsila Smart Technology Hub,East,1437.61,3556.21,32439.2,378.02,93.62,45.37,Wasaline,67.61,241.31,543.32
03/16/2024,Vaasa Logistics Center,South,3490.38,2608.16,57347.65,301.87,67.14,54.81,Ahola Transport,91.27,248.86,199.47
03/17/2024,Vaskiluoto Power Plant,East,7187.07,1282.75,68946.49,436.39,71.26,81.88,KWH Logistics,83.62,306.6,791.15
03/18/2024,Vaasa Logistics Center,South,6409.12,1858.88,17558.61,981.05,27.45,73.25,Oy EL-Ho Oy,3.56,269.13,801.34
03/19/2024,Vaskiluoto Power Plant,East,3613.95,2028.53,86890.57,704.96,64.45,97.88,Oy EL-Ho Oy,53.31,343.48,295.35
03/20/2024,Vaskiluoto Power Plant,North,2023.59,4664.88,18257.7,1547.14,3.99,71.52,LEKO Logistics,77.09,196.14,734.64
03/21/2024,Kivihaka Distribution Center,East,6982.41,3267.8,27543.44,1805.14,89.11,62.03,LEKO Logistics,2.01,446.3,273.62
03/22/2024,Vaskiluoto Power Plant,East,5416.79,959.94,27638.95,713.11,38.03,52.02,Ahola Transport,46.64,450.09,385.5
03/23/2024,Kivihaka Distribution Center,East,8344.7,2479.14,90684.93,1759.62,65.75,2.06,Wasaline,64.45,207.0,220.57
03/24/2024,Vaasa Logistics Center,South,6615.27,1282.55,29178.03,901.54,91.07,45.15,LEKO Logistics,2.87,433.98,430.65
03/25/2024,Wartsila Smart Technology Hub,West,7284.45,4089.23,56161.45,968.39,0.22,99.55,Wasaline,40.44,282.61,291.44
03/26/2024,Vaasa Logistics Center,East,9826.64,1977.71,98545.81,237.24,94.77,5.76,Oy EL-Ho Oy,66.88,223.99,399.09
03/27/2024,Kivihaka Distribution Center,East,1420.31,1436.48,90210.02,1023.98,59.66,97.0,Ahola Transport,89.04,294.9,780.2
03/28/2024,Wartsila Smart Technology Hub,East,9207.14,2049.36,76750.47,1790.22,20.24,44.15,LEKO Logistics,40.78,100.0,202.56
03/29/2024,ABB Vaasa Factory,South,1431.04,2895.17,50211.37,1278.43,95.58,26.55,LEKO Logistics,67.67,442.87,781.14
03/30/2024,Wartsila Smart Technology Hub,West,9884.16,3962.8,94499.2,748.33,45.24,24.38,LEKO Logistics,40.33,408.83,582.19
03/31/2024,ABB Vaasa Factory,West,3109.46,4140.01,50634.72,896.25,13.11,87.96,LEKO Logistics,86.79,231.01,628.37
04/01/2024,Vaskiluoto Power Plant,West,5280.21,4473.36,45771.22,551.19,74.03,92.79,Ahola Transport,93.63,151.25,219.04
04/02/2024,Kivihaka Distribution Center,East,2477.56,2525.03,10520.39,627.27,55.44,63.38,KWH Logistics,85.35,144.94,351.04
04/03/2024,Wartsila Smart Technology Hub,West,3701.64,3073.66,50919.13,889.44,94.72,93.62,KWH Logistics,45.41,369.85,281.23
04/04/2024,Wartsila Smart Technology Hub,East,7293.28,4733.96,18905.84,1762.14,91.14,57.82,KWH Logistics,57.34,194.53,909.52
04/05/2024,Kivihaka Distribution Center,West,4388.06,2392.85,52128.68,424.18,7.89,25.65,Oy EL-Ho Oy,48.59,402.42,471.46
04/06/2024,Kivihaka Distribution Center,East,1241.21,1787.2,32013.13,1318.71,2.62,99.3,Oy EL-Ho Oy,58.79,279.38,288.78
04/07/2024,Kivihaka Distribution Center,South,8583.85,4330.92,30476.15,746.43,61.62,96.58,Wasaline,60.65,109.21,866.1
04/08/2024,Kivihaka Distribution Center,West,3820.24,923.08,91255.78,459.62,65.61,45.21,KWH Logistics,85.88,455.02,314.47
04/09/2024,Wartsila Smart Technology Hub,South,8189.1,2073.01,16005.14,1313.73,71.57,18.53,Oy EL-Ho Oy,18.22,424.52,205.87
04/10/2024,Wartsila Smart Technology Hub,West,5107.74,1873.28,37621.89,422.71,64.82,58.12,Oy EL-Ho Oy,78.57,307.64,463.12
04/11/2024,Kivihaka Distribution Center,West,4026.34,4531.68,33031.29,621.03,32.08,69.1,Oy EL-Ho Oy,28.79,130.11,734.19
04/12/2024,Vaskiluoto Power Plant,South,7024.68,1597.86,18040.82,1088.79,24.81,20.27,Ahola Transport,85.6,160.66,357.8
04/13/2024,Vaskiluoto Power Plant,West,2015.78,1578.88,44859.4,797.1,88.83,27.8,Ahola Transport,95.41,255.89,496.73
04/14/2024,Kivihaka Distribution Center,East,2857.43,4451.42,72382.45,234.28,54.56,2.32,Wasaline,12.49,179.97,310.39
04/15/2024,Vaskiluoto Power Plant,West,3472.71,2561.64,50323.58,1651.4,80.12,95.59,Ahola Transport,51.57,484.44,948.67
04/16/2024,Vaasa Logistics Center,East,4223.46,2159.92,56784.99,954.85,63.98,39.71,Wasaline,89.96,155.48,579.68
04/17/2024,Vaasa Logistics Center,East,6084.89,547.53,37845.88,821.52,96.7,72.5,KWH Logistics,85.11,200.47,341.51
04/18/2024,Vaasa Logistics Center,East,4508.45,2527.86,70387.42,1330.67,92.38,41.42,Ahola Transport,14.99,317.12,937.22
04/19/2024,Wartsila Smart Technology Hub,South,9810.75,2446.63,92985.23,788.14,56.33,1.4,Wasaline,19.87,77.91,404.46
04/20/2024,Wartsila Smart Technology Hub,North,6176.15,2696.78,81569.74,226.59,52.72,56.45,Ahola Transport,69.99,223.91,176.9
04/21/2024,Wartsila Smart Technology Hub,East,3131.49,3324.44,69096.61,1534.28,29.41,4.15,Oy EL-Ho Oy,7.82,90.58,729.25
04/22/2024,ABB Vaasa Factory,South,2987.71,563.15,57780.65,742.24,5.63,37.54,LEKO Logistics,39.17,296.73,430.14
04/23/2024,Wartsila Smart Technology Hub,East,6865.08,4222.22,88107.15,650.4,64.47,19.14,Ahola Transport,68.44,231.29,151.25
04/24/2024,ABB Vaasa Factory,South,7672.34,2501.45,82584.33,664.17,20.11,86.95,Wasaline,65.81,274.39,880.24
04/25/2024,ABB Vaasa Factory,West,2698.15,4429.48,56843.56,1350.03,63.5,50.23,KWH Logistics,98.5,105.58,556.1
04/26/2024,Vaskiluoto Power Plant,West,6834.6,4703.92,49541.31,1208.94,77.83,16.76,LEKO Logistics,77.74,225.36,371.92
04/27/2024,Vaskiluoto Power Plant,East,7795.79,568.75,30393.05,1398.32,18.3,19.17,LEKO Logistics,95.92,288.15,598.37
04/28/2024,ABB Vaasa Factory,East,9432.03,1795.68,46708.2,1823.8,9.88,82.59,KWH Logistics,32.59,57.93,413.83
04/29/2024,ABB Vaasa Factory,West,3884.58,4903.14,30637.13,207.52,18.16,43.92,Wasaline,68.6,339.16,335.2
04/30/2024,Wartsila Smart Technology Hub,North,6718.11,975.66,99412.7,421.3,71.41,40.14,LEKO Logistics,24.8,194.12,797.79
05/01/2024,Vaskiluoto Power Plant,East,7001.13,4060.93,87005.73,375.05,1.71,56.76,Wasaline,44.54,169.21,957.29
05/02/2024,Vaskiluoto Power Plant,North,9649.78,3401.13,62142.92,1456.57,39.26,68.64,Ahola Transport,15.11,238.51,927.7
05/03/2024,Wartsila Smart Technology Hub,North,4546.94,1131.67,44951.41,592.42,54.81,65.17,Ahola Transport,84.6,295.76,105.9
05/04/2024,Vaskiluoto Power Plant,South,2045.75,617.7,59045.93,227.81,15.45,14.03,KWH Logistics,36.24,323.73,822.4
05/05/2024,Vaasa Logistics Center,North,5082.41,3023.91,18284.6,224.59,2.74,5.82,Ahola Transport,71.68,417.15,380.77
05/06/2024,Wartsila Smart Technology Hub,North,6586.17,3703.47,15982.83,1402.93,98.09,83.09,Oy EL-Ho Oy,85.62,360.71,815.06
05/07/2024,Wartsila Smart Technology Hub,North,1579.76,556.37,18524.69,896.03,96.17,16.23,Ahola Transport,82.06,119.8,406.93
05/08/2024,Kivihaka Distribution Center,West,4077.39,871.42,76939.02,607.85,50.69,10.77,Ahola Transport,57.53,233.17,374.61
05/09/2024,Wartsila Smart Technology Hub,South,8052.45,1751.78,72850.19,256.53,14.19,71.21,Oy EL-Ho Oy,79.02,378.53,160.65
05/10/2024,ABB Vaasa Factory,East,2175.42,2748.64,48832.09,386.71,39.09,67.68,LEKO Logistics,31.27,293.33,457.19
05/11/2024,Kivihaka Distribution Center,East,9167.9,2551.82,55168.31,994.66,10.21,57.98,KWH Logistics,14.43,195.25,238.9
05/12/2024,Kivihaka Distribution Center,West,6490.31,3395.32,53355.37,1446.98,66.51,91.17,Oy EL-Ho Oy,69.02,73.66,348.93
05/13/2024,Wartsila Smart Technology Hub,East,3895.58,2818.78,66508.16,1034.88,78.56,91.0,Ahola Transport,10.81,376.98,795.97
05/14/2024,Vaasa Logistics Center,South,4911.15,4048.43,28217.6,1202.36,98.33,33.19,Ahola Transport,47.74,167.11,540.94
05/15/2024,ABB Vaasa Factory,South,2736.59,1759.7,90124.37,344.57,98.25,51.86,LEKO Logistics,17.61,310.7,745.31
05/16/2024,ABB Vaasa Factory,East,2647.97,4399.17,58238.29,1696.29,62.13,53.77,Oy EL-Ho Oy,11.24,340.08,371.54
05/17/2024,Wartsila Smart Technology Hub,South,8348.72,4258.3,80075.81,1063.69,35.78,4.52,Oy EL-Ho Oy,37.65,408.86,155.36
05/18/2024,ABB Vaasa Factory,West,3502.36,3747.69,95105.68,1511.2,39.13,60.7,Oy EL-Ho Oy,66.67,472.36,660.82
05/19/2024,Kivihaka Distribution Center,West,9362.5,2383.79,29859.73,1841.95,72.03,89.49,LEKO Logistics,27.72,411.6,542.99
05/20/2024,Kivihaka Distribution Center,North,3709.53,2926.65,80876.02,1050.2,41.87,41.36,Oy EL-Ho Oy,38.92,216.52,722.72
05/21/2024,ABB Vaasa Factory,East,1120.53,3671.83,72300.66,919.88,78.38,11.37,LEKO Logistics,3.39,406.7,700.4
05/22/2024,Vaasa Logistics Center,East,1366.58,4604.27,99728.2,1961.72,87.44,55.89,Ahola Transport,47.9,479.97,947.4
05/23/2024,Kivihaka Distribution Center,East,6543.36,2418.99,37034.81,1140.66,59.01,65.75,Oy EL-Ho Oy,84.94,186.67,392.0
05/24/2024,Wartsila Smart Technology Hub,South,7771.38,571.14,57699.89,340.69,72.65,12.77,LEKO Logistics,57.35,95.0,352.22
05/25/2024,Wartsila Smart Technology Hub,East,4108.86,2723.26,25089.58,695.17,3.2,69.76,Ahola Transport,28.18,323.04,709.06
05/26/2024,Vaskiluoto Power Plant,South,5368.01,1968.28,72724.87,297.24,76.79,79.63,KWH Logistics,50.82,68.14,315.96
05/27/2024,Vaskiluoto Power Plant,West,9814.25,1211.78,47365.71,402.44,78.42,98.49,Oy EL-Ho Oy,47.48,226.35,260.87
05/28/2024,Wartsila Smart Technology Hub,South,2805.69,2390.83,38272.16,301.97,32.48,51.69,Ahola Transport,0.92,307.92,372.72
05/29/2024,Wartsila Smart Technology Hub,East,2820.44,3351.77,65401.25,1157.89,60.32,64.66,LEKO Logistics,25.88,61.64,744.97
05/30/2024,ABB Vaasa Factory,North,8109.61,4785.11,41951.0,945.65,69.7,14.25,Oy EL-Ho Oy,46.81,245.29,194.05
05/31/2024,ABB Vaasa Factory,South,7464.49,2559.34,74094.64,1277.01,39.72,60.33,Oy EL-Ho Oy,31.82,53.4,750.67
06/01/2024,Kivihaka Distribution Center,West,6218.84,641.0,24079.6,1798.76,27.17,52.0,Oy EL-Ho Oy,95.06,261.31,954.57
06/02/2024,Wartsila Smart Technology Hub,South,7837.29,2228.45,80648.92,218.54,57.49,18.89,Oy EL-Ho Oy,1.33,295.47,257.41
06/03/2024,Vaskiluoto Power Plant,West,9337.4,3744.62,73238.53,1709.04,96.86,74.81,Wasaline,71.08,259.99,270.66
06/04/2024,Kivihaka Distribution Center,South,9482.71,1169.18,14990.65,1921.05,25.72,53.86,Ahola Transport,42.98,127.05,961.37
06/05/2024,Vaskiluoto Power Plant,North,1758.56,1516.81,62368.77,1870.09,6.72,79.73,Oy EL-Ho Oy,54.43,475.31,322.58
06/06/2024,ABB Vaasa Factory,South,7966.5,2550.29,57490.69,363.05,70.18,66.12,Wasaline,19.73,306.18,755.9
06/07/2024,Wartsila Smart Technology Hub,North,5951.11,1314.53,31212.47,1947.35,72.3,23.29,LEKO Logistics,69.54,324.43,472.44
06/08/2024,ABB Vaasa Factory,East,8006.01,4375.58,81630.46,437.3,80.64,63.34,Oy EL-Ho Oy,31.69,142.14,910.57
06/09/2024,Wartsila Smart Technology Hub,East,8386.11,1106.62,22660.0,241.47,50.68,27.69,Oy EL-Ho Oy,25.18,390.45,763.2
06/10/2024,Wartsila Smart Technology Hub,West,5096.18,3247.69,28579.83,840.67,4.15,22.37,Ahola Transport,47.49,465.4,595.44
06/11/2024,Vaasa Logistics Center,West,9771.76,2222.99,91833.89,1628.91,48.11,84.43,Oy EL-Ho Oy,25.95,98.51,487.4
06/12/2024,Vaskiluoto Power Plant,West,5155.44,2379.55,48544.25,844.83,8.59,26.58,Ahola Transport,26.52,485.11,867.19
06/13/2024,ABB Vaasa Factory,West,6330.72,1287.17,52986.87,361.89,37.18,84.7,KWH Logistics,90.23,402.96,164.72
06/14/2024,Vaasa Logistics Center,North,7461.33,3419.61,69265.15,726.73,13.08,56.56,LEKO Logistics,41.01,202.01,621.3
06/15/2024,Vaskiluoto Power Plant,West,8408.81,3101.67,33170.49,358.24,68.65,88.0,LEKO Logistics,22.56,211.38,444.94
06/16/2024,Vaasa Logistics Center,West,6038.46,1026.43,89122.01,1485.0,87.96,69.8,LEKO Logistics,64.1,396.97,626.13
06/17/2024,Vaskiluoto Power Plant,North,9280.3,1953.21,76356.08,240.88,51.89,96.42,Ahola Transport,44.84,329.77,677.11
06/18/2024,Kivihaka Distribution Center,North,5018.47,4773.44,87683.32,543.71,78.72,37.4,KWH Logistics,92.13,446.59,272.09
06/19/2024,ABB Vaasa Factory,North,9973.01,1969.91,35917.65,1330.21,17.54,58.77,LEKO Logistics,82.12,384.18,963.65
06/20/2024,Wartsila Smart Technology Hub,North,8870.41,3240.24,85792.62,1986.94,84.56,47.4,Oy EL-Ho Oy,34.64,232.32,366.38
06/21/2024,ABB Vaasa Factory,West,4560.31,3044.61,97115.81,1526.99,62.16,66.75,KWH Logistics,38.76,151.57,332.8
06/22/2024,Kivihaka Distribution Center,North,3390.7,4342.07,80695.35,1714.8,82.84,40.9,Ahola Transport,58.49,345.04,661.58
06/23/2024,ABB Vaasa Factory,South,9976.92,2390.09,57050.54,709.2,76.84,90.62,LEKO Logistics,77.87,296.05,562.66
06/24/2024,Vaasa Logistics Center,North,5561.87,4172.29,17289.56,1761.82,22.04,71.62,LEKO Logistics,10.06,151.56,295.66
06/25/2024,Kivihaka Distribution Center,North,6680.72,3267.24,40944.73,241.26,53.97,16.83,Ahola Transport,3.58,262.78,505.43
06/26/2024,ABB Vaasa Factory,South,6683.49,2055.09,96263.03,1951.37,26.91,36.64,Ahola Transport,47.23,374.15,115.55
06/27/2024,Vaasa Logistics Center,West,1133.24,688.16,57977.38,545.82,23.2,64.09,Wasaline,11.44,442.41,786.55
06/28/2024,Wartsila Smart Technology Hub,East,7314.74,4255.52,55773.59,1356.26,63.95,92.94,LEKO Logistics,15.52,410.98,875.91
06/29/2024,Kivihaka Distribution Center,South,9581.1,3113.68,42726.36,1855.7,38.53,74.02,Ahola Transport,73.66,456.47,405.2
06/30/2024,ABB Vaasa Factory,North,7440.16,1484.85,96352.5,1573.08,29.44,74.09,KWH Logistics,20.58,317.48,745.09
07/01/2024,ABB Vaasa Factory,North,7151.52,4628.21,96476.28,648.01,81.92,18.78,KWH Logistics,93.06,400.31,787.39
07/02/2024,ABB Vaasa Factory,South,3098.73,2688.67,19589.2,703.93,12.67,29.53,KWH Logistics,29.73,358.39,246.09
07/03/2024,Vaskiluoto Power Plant,West,7328.8,4482.21,39944.51,670.21,59.44,58.44,KWH Logistics,55.88,498.7,849.18
07/04/2024,Kivihaka Distribution Center,East,7984.05,1500.3,99371.11,1038.04,53.3,48.53,KWH Logistics,2.98,244.2,244.82
07/05/2024,Wartsila Smart Technology Hub,East,4369.25,3364.58,40350.32,1226.12,49.64,78.4,Ahola Transport,2.16,468.9,581.34
07/06/2024,Vaskiluoto Power Plant,West,3632.01,2232.57,83507.13,1409.91,43.79,67.72,Wasaline,64.03,234.83,185.46
07/07/2024,Kivihaka Distribution Center,East,9374.95,3524.84,51493.85,1018.65,63.07,63.18,Wasaline,18.37,453.23,407.98
07/08/2024,Wartsila Smart Technology Hub,North,1752.31,1919.37,74055.45,1093.81,86.19,23.85,LEKO Logistics,67.78,280.6,706.03
07/09/2024,Vaasa Logistics Center,West,8408.54,3608.8,36931.99,784.66,71.84,59.07,KWH Logistics,89.47,200.74,152.18
07/10/2024,Wartsila Smart Technology Hub,East,3087.83,4631.78,55909.89,1466.49,77.39,36.83,Oy EL-Ho Oy,94.63,478.76,553.05
07/11/2024,Wartsila Smart Technology Hub,East,3919.32,4719.3,79741.78,497.29,36.93,7.35,Oy EL-Ho Oy,84.73,287.28,597.74
07/12/2024,Vaskiluoto Power Plant,South,7994.79,4622.72,93497.58,783.51,52.2,33.66,LEKO Logistics,84.81,88.77,299.69
07/13/2024,Wartsila Smart Technology Hub,North,8009.72,2540.63,14110.84,297.74,32.0,73.16,KWH Logistics,32.48,275.02,553.74
07/14/2024,Vaskiluoto Power Plant,North,7895.28,3349.5,78740.17,1136.8,97.58,5.2,LEKO Logistics,84.91,372.96,506.63
07/15/2024,Wartsila Smart Technology Hub,South,6231.02,1407.51,13854.21,1404.63,25.75,0.89,Oy EL-Ho Oy,65.45,240.38,252.87
07/16/2024,Kivihaka Distribution Center,South,9212.77,907.3,93753.08,584.11,48.89,43.88,Oy EL-Ho Oy,58.12,122.63,983.7
07/17/2024,Vaasa Logistics Center,South,5520.1,1420.97,77140.6,557.2,6.92,54.8,Oy EL-Ho Oy,3.81,321.12,872.23
07/18/2024,ABB Vaasa Factory,East,3010.52,2833.65,59461.03,228.31,47.39,25.67,KWH Logistics,28.92,285.91,850.96
07/19/2024,ABB Vaasa Factory,West,1215.52,4370.74,55558.62,532.02,21.84,1.18,KWH Logistics,0.36,87.26,453.85
07/20/2024,Kivihaka Distribution Center,East,9437.02,1857.79,97162.93,1677.67,39.07,80.69,Ahola Transport,41.47,484.61,475.49
07/21/2024,ABB Vaasa Factory,West,7752.14,4176.77,38063.71,1323.12,48.32,2.17,KWH Logistics,99.55,169.71,941.26
07/22/2024,Vaskiluoto Power Plant,West,7244.77,2292.2,31718.69,340.94,80.0,66.69,Oy EL-Ho Oy,4.31,114.65,322.06
07/23/2024,Vaasa Logistics Center,South,4815.84,3202.23,91178.5,1320.79,14.03,46.66,LEKO Logistics,50.14,402.31,506.07
07/24/2024,Kivihaka Distribution Center,South,9583.69,3787.89,45233.25,1664.12,46.17,38.85,Wasaline,41.59,472.78,353.79
07/25/2024,Wartsila Smart Technology Hub,West,2183.11,2917.08,40391.41,1390.26,28.46,28.91,Ahola Transport,36.98,79.66,143.25
07/26/2024,Kivihaka Distribution Center,South,3340.13,1967.79,76857.9,535.33,41.92,20.61,Oy EL-Ho Oy,24.94,451.39,799.55
07/27/2024,ABB Vaasa Factory,South,4135.19,629.19,68216.08,697.93,95.61,67.24,Oy EL-Ho Oy,3.26,75.99,161.25
07/28/2024,Vaasa Logistics Center,South,9965.76,3307.92,29457.98,1389.17,86.84,65.94,KWH Logistics,44.78,229.91,981.33
07/29/2024,Vaskiluoto Power Plant,East,7686.1,2542.78,79129.47,1527.23,96.61,23.38,KWH Logistics,36.81,93.1,328.03
07/30/2024,Vaskiluoto Power Plant,West,2223.54,3983.53,62792.02,969.79,79.45,37.63,LEKO Logistics,73.33,59.13,870.19
07/31/2024,Vaasa Logistics Center,East,9535.55,2266.91,58121.83,585.6,67.7,0.81,Wasaline,14.06,466.43,382.42
08/01/2024,Vaasa Logistics Center,West,2659.61,2689.13,88071.55,1349.74,59.91,89.54,Ahola Transport,38.72,290.31,539.61
08/02/2024,Vaasa Logistics Center,South,4677.65,1139.6,66821.86,1867.39,40.78,78.57,Ahola Transport,80.89,52.85,104.67
08/03/2024,Vaskiluoto Power Plant,North,6770.73,766.44,58937.48,1135.2,20.28,76.23,LEKO Logistics,45.39,230.09,335.94
08/04/2024,Kivihaka Distribution Center,North,2860.99,4634.57,26234.88,1806.05,72.48,98.88,LEKO Logistics,84.53,262.15,889.86
08/05/2024,ABB Vaasa Factory,East,3184.21,3540.98,52890.5,1223.71,16.68,76.9,Oy EL-Ho Oy,6.59,171.29,820.69
08/06/2024,Vaasa Logistics Center,East,1336.91,3289.49,42573.38,832.56,21.51,49.93,Ahola Transport,78.78,235.26,789.18
08/07/2024,ABB Vaasa Factory,West,2532.79,2540.98,39702.18,1279.48,77.28,82.87,LEKO Logistics,83.9,107.48,318.17
08/08/2024,Kivihaka Distribution Center,East,2358.35,3503.71,61596.67,1961.2,29.74,17.95,Ahola Transport,47.6,136.2,290.64
08/09/2024,Wartsila Smart Technology Hub,West,5745.4,938.13,36212.08,1332.67,14.03,58.13,Ahola Transport,30.5,139.29,549.85
08/10/2024,Wartsila Smart Technology Hub,North,9090.69,3096.12,35525.64,1890.22,36.54,88.43,Wasaline,45.71,448.94,568.06
08/11/2024,ABB Vaasa Factory,East,9758.85,1452.48,33138.76,1222.85,73.75,65.32,KWH Logistics,99.44,53.39,877.91
08/12/2024,Vaasa Logistics Center,South,4509.98,817.68,70780.62,828.6,3.69,15.81,Ahola Transport,23.29,463.44,684.09
08/13/2024,ABB Vaasa Factory,East,9486.39,4940.76,66868.52,816.85,60.18,28.16,Oy EL-Ho Oy,43.62,141.51,238.65
08/14/2024,Wartsila Smart Technology Hub,North,7399.8,1745.5,97662.23,1683.16,53.12,42.29,KWH Logistics,22.54,186.89,894.3
08/15/2024,Wartsila Smart Technology Hub,West,9976.88,1803.46,91227.46,1907.34,26.66,66.11,Wasaline,38.69,234.83,881.48
08/16/2024,Wartsila Smart Technology Hub,West,4356.77,4442.26,75822.95,1109.32,49.01,4.89,LEKO Logistics,10.81,432.04,758.74
08/17/2024,Vaskiluoto Power Plant,South,8473.02,3911.89,99320.35,1942.82,72.83,82.47,Wasaline,89.86,470.66,968.82
08/18/2024,Wartsila Smart Technology Hub,West,2504.6,2886.11,80696.82,1273.67,40.74,62.56,Ahola Transport,40.38,451.52,477.11
08/19/2024,Wartsila Smart Technology Hub,East,3670.55,3990.95,65150.78,823.13,87.13,50.21,Oy EL-Ho Oy,19.74,403.42,785.58
08/20/2024,Vaasa Logistics Center,South,1774.21,1080.81,91802.53,372.55,25.04,96.55,LEKO Logistics,66.64,401.75,587.39
08/21/2024,Kivihaka Distribution Center,West,2106.66,2053.61,76542.15,1850.23,76.56,76.57,Oy EL-Ho Oy,47.86,498.81,898.32
08/22/2024,Wartsila Smart Technology Hub,North,9931.36,3554.17,57315.21,1895.02,2.13,33.73,Oy EL-Ho Oy,12.62,188.92,543.86
08/23/2024,ABB Vaasa Factory,South,2323.93,4206.07,91607.93,1286.01,55.64,82.0,Oy EL-Ho Oy,76.41,284.24,861.91
08/24/2024,Vaskiluoto Power Plant,South,9354.0,3937.66,45160.31,1799.15,35.52,6.99,Wasaline,26.46,353.17,480.19
08/25/2024,Kivihaka Distribution Center,South,4063.71,4119.07,37917.41,1510.16,92.17,94.18,Ahola Transport,59.83,210.74,141.42
08/26/2024,Vaasa Logistics Center,South,5251.87,4622.29,62687.3,1581.42,97.15,51.54,KWH Logistics,97.32,483.72,412.85
08/27/2024,Kivihaka Distribution Center,West,1396.36,2938.91,26060.98,1383.78,29.07,86.76,KWH Logistics,94.59,58.35,152.14
08/28/2024,ABB Vaasa Factory,West,5475.4,2276.71,69393.79,1913.32,6.05,46.14,LEKO Logistics,47.51,481.98,250.17
08/29/2024,Vaskiluoto Power Plant,North,8707.72,2617.04,84030.78,645.25,53.91,16.7,Oy EL-Ho Oy,16.36,286.37,424.77
08/30/2024,Vaasa Logistics Center,North,2765.09,1971.59,61293.66,1963.04,41.85,86.85,LEKO Logistics,67.82,186.67,169.21
08/31/2024,ABB Vaasa Factory,East,3598.26,1503.7,10717.79,482.6,62.61,32.37,Ahola Transport,35.33,79.09,456.9
09/01/2024,Vaasa Logistics Center,West,1923.44,3979.13,38115.86,1586.82,23.15,11.53,Ahola Transport,72.22,149.82,530.24
09/02/2024,Vaasa Logistics Center,North,7138.87,3374.25,30203.37,724.88,15.12,50.67,Wasaline,91.33,360.49,614.07
09/03/2024,Vaskiluoto Power Plant,West,8445.99,1254.8,56775.01,340.27,87.77,0.7,KWH Logistics,19.36,381.31,249.07
09/04/2024,ABB Vaasa Factory,North,4525.78,2483.72,29641.18,1562.34,97.68,41.2,KWH Logistics,98.65,99.12,384.11
09/05/2024,Vaskiluoto Power Plant,West,9706.35,4235.35,70188.16,1020.8,41.34,87.82,LEKO Logistics,33.24,373.4,365.85
09/06/2024,Wartsila Smart Technology Hub,North,3772.01,3142.24,55343.28,1702.07,31.05,50.46,Oy EL-Ho Oy,34.12,175.63,638.87
09/07/2024,Vaasa Logistics Center,South,9065.04,676.86,83736.95,603.72,80.63,75.1,Oy EL-Ho Oy,37.31,76.8,536.72
09/08/2024,Vaskiluoto Power Plant,West,4428.55,4563.16,36935.81,1938.95,65.51,49.05,Ahola Transport,34.23,468.57,208.26
09/09/2024,Vaskiluoto Power Plant,East,1246.95,1839.78,86586.29,1746.45,92.89,7.51,Ahola Transport,85.92,392.22,518.66
09/10/2024,Kivihaka Distribution Center,North,6722.37,4780.9,99210.58,1990.92,76.72,85.44,Oy EL-Ho Oy,64.05,126.42,552.8
09/11/2024,Vaskiluoto Power Plant,East,6631.36,726.75,36088.89,1293.72,11.49,57.83,KWH Logistics,20.56,313.0,787.08
09/12/2024,Vaasa Logistics Center,South,4058.28,3312.41,75009.49,1942.35,66.46,95.93,LEKO Logistics,40.96,262.97,583.01
09/13/2024,Wartsila Smart Technology Hub,South,4606.38,1194.16,64317.8,1961.27,49.62,66.05,Wasaline,52.4,313.62,819.86
09/14/2024,Kivihaka Distribution Center,South,2426.59,2695.02,10623.77,243.56,18.12,34.75,Oy EL-Ho Oy,52.61,323.32,515.97
09/15/2024,ABB Vaasa Factory,East,8440.36,3381.36,20991.38,584.06,62.05,70.32,Wasaline,90.07,257.95,714.93
09/16/2024,Vaasa Logistics Center,East,3098.37,2420.7,10352.54,772.16,76.22,72.58,LEKO Logistics,13.69,468.66,444.56
09/17/2024,Wartsila Smart Technology Hub,West,5955.82,3744.55,33502.89,1416.96,68.26,45.54,Wasaline,98.55,97.11,313.23
09/18/2024,Kivihaka Distribution Center,West,2500.96,4933.91,24988.96,1707.16,11.32,97.89,KWH Logistics,61.22,206.83,624.33
09/19/2024,ABB Vaasa Factory,North,5676.7,4814.03,66809.62,1053.43,26.42,91.88,Wasaline,69.74,212.25,327.8
09/20/2024,Vaasa Logistics Center,South,6090.48,2681.58,78302.73,267.02,84.07,40.63,KWH Logistics,35.0,304.07,856.17
09/21/2024,Kivihaka Distribution Center,South,8950.47,3189.75,19619.06,426.43,84.28,28.66,LEKO Logistics,14.47,428.89,976.7
09/22/2024,Vaskiluoto Power Plant,West,9881.61,1807.6,18293.61,1517.72,23.78,20.87,Oy EL-Ho Oy,19.75,282.19,125.48
09/23/2024,ABB Vaasa Factory,East,4354.37,4138.32,24278.33,978.54,56.4,61.64,LEKO Logistics,58.14,149.97,761.88
09/24/2024,Vaskiluoto Power Plant,West,8936.06,2274.17,69931.31,704.49,56.81,80.93,Ahola Transport,27.29,359.25,415.21
09/25/2024,Vaasa Logistics Center,North,7130.19,2062.92,64120.17,1486.17,52.39,9.11,Wasaline,72.31,177.4,247.88
09/26/2024,ABB Vaasa Factory,East,9531.56,3630.2,80760.76,1743.35,36.45,73.04,Ahola Transport,39.86,247.31,766.75
09/27/2024,ABB Vaasa Factory,South,9554.83,4152.05,99443.9,1605.94,75.64,48.01,Ahola Transport,97.58,191.39,469.58
09/28/2024,Wartsila Smart Technology Hub,West,7587.63,2598.54,91987.66,1085.42,45.38,52.83,Wasaline,73.04,56.29,808.87
09/29/2024,Kivihaka Distribution Center,East,9509.76,1012.79,50342.26,627.48,40.29,6.11,KWH Logistics,70.14,128.34,566.73
09/30/2024,ABB Vaasa Factory,West,6927.22,2931.87,17146.72,553.81,26.46,41.47,Oy EL-Ho Oy,86.69,167.01,851.91
10/01/2024,ABB Vaasa Factory,South,3800.57,3366.55,25456.48,312.45,56.11,97.0,Oy EL-Ho Oy,51.68,198.77,657.27
10/02/2024,Vaskiluoto Power Plant,East,6772.06,1169.89,21243.21,824.46,79.14,30.78,Oy EL-Ho Oy,91.12,486.23,341.45
10/03/2024,Wartsila Smart Technology Hub,North,1232.15,2200.12,88747.92,1692.04,25.74,74.61,Ahola Transport,0.19,482.83,195.38
10/04/2024,Kivihaka Distribution Center,North,5950.41,1216.56,81577.88,852.27,91.56,80.53,Wasaline,53.33,174.68,745.41
10/05/2024,Vaasa Logistics Center,West,7317.67,3167.21,93154.99,1721.25,64.3,7.94,Wasaline,37.87,161.75,315.27
10/06/2024,Kivihaka Distribution Center,East,6428.08,4527.09,67223.8,397.08,96.1,89.72,Oy EL-Ho Oy,93.31,172.86,686.49
10/07/2024,Kivihaka Distribution Center,North,7150.55,1189.55,81844.08,601.68,27.78,5.64,Wasaline,33.93,170.36,144.81
10/08/2024,Kivihaka Distribution Center,North,4208.54,753.11,95958.59,546.07,41.79,91.28,Wasaline,12.82,66.88,657.9
10/09/2024,Wartsila Smart Technology Hub,North,6725.3,2918.52,71221.58,1715.31,97.0,37.8,LEKO Logistics,8.07,491.61,399.49
10/10/2024,Vaskiluoto Power Plant,East,8380.64,4550.34,66542.95,1301.54,77.85,58.51,KWH Logistics,14.96,237.69,376.42
10/11/2024,Kivihaka Distribution Center,North,3543.74,1462.53,47706.29,267.3,84.7,12.63,Ahola Transport,43.46,358.54,518.51
10/12/2024,Vaskiluoto Power Plant,South,7370.32,1912.9,44332.04,1421.28,86.46,1.71,Oy EL-Ho Oy,98.48,149.29,994.48
10/13/2024,Kivihaka Distribution Center,West,8135.85,2179.3,93359.3,1914.44,79.36,7.59,LEKO Logistics,54.58,144.87,955.56
10/14/2024,Vaskiluoto Power Plant,West,2681.1,1958.69,43558.48,355.77,71.41,12.22,KWH Logistics,78.67,292.24,230.19
10/15/2024,Vaskiluoto Power Plant,West,4696.62,2004.44,90526.43,1273.73,24.31,77.88,Oy EL-Ho Oy,64.73,261.38,452.23
10/16/2024,Vaskiluoto Power Plant,West,9535.02,3496.55,79730.49,1650.26,55.37,36.58,Wasaline,64.1,327.14,784.36
10/17/2024,Kivihaka Distribution Center,South,7172.45,1359.9,95545.41,883.24,20.02,95.17,Oy EL-Ho Oy,31.31,480.36,247.28
10/18/2024,Wartsila Smart Technology Hub,South,5476.77,1048.12,94755.58,1315.66,98.08,81.49,KWH Logistics,34.18,218.29,415.4
10/19/2024,Wartsila Smart Technology Hub,North,4638.42,4553.02,52367.92,593.4,1.22,4.45,KWH Logistics,58.2,60.43,408.96
10/20/2024,Vaskiluoto Power Plant,West,6202.76,2964.01,76100.83,1716.44,74.6,66.48,KWH Logistics,23.94,484.47,734.15
10/21/2024,Wartsila Smart Technology Hub,West,4965.05,3398.86,96605.83,1863.03,16.91,78.9,KWH Logistics,14.74,372.25,626.67
10/22/2024,ABB Vaasa Factory,East,2206.52,3527.98,19546.23,1912.07,71.79,6.52,LEKO Logistics,21.56,196.26,116.51
10/23/2024,Kivihaka Distribution Center,South,3419.1,2085.67,46702.18,1079.73,57.48,6.74,Oy EL-Ho Oy,56.26,63.0,472.7
10/24/2024,Kivihaka Distribution Center,East,2441.63,2468.17,13036.22,745.13,42.4,49.59,KWH Logistics,57.93,264.09,551.81
10/25/2024,Vaasa Logistics Center,East,5440.75,3042.16,19240.7,1967.25,42.9,79.42,LEKO Logistics,20.7,60.84,963.92
10/26/2024,ABB Vaasa Factory,West,1167.42,3923.89,60947.19,702.88,61.71,63.77,KWH Logistics,47.18,190.29,651.77
10/27/2024,ABB Vaasa Factory,North,4118.82,4948.62,63793.94,1329.18,39.91,12.66,Wasaline,79.1,90.68,491.69
10/28/2024,Vaasa Logistics Center,South,8112.09,1019.29,69085.03,335.1,54.46,42.62,Wasaline,18.29,140.39,575.38
10/29/2024,Vaskiluoto Power Plant,North,3693.27,3628.11,96320.4,1832.95,70.16,56.8,Wasaline,66.58,153.69,326.04
10/30/2024,Wartsila Smart Technology Hub,West,4019.54,1041.23,43084.84,575.01,79.74,40.55,Wasaline,46.26,193.19,267.07
10/31/2024,Wartsila Smart Technology Hub,West,6817.31,3672.66,55498.15,471.7,21.16,80.86,Wasaline,2.6,81.4,800.12
11/01/2024,Vaasa Logistics Center,North,4255.84,4004.9,66702.58,1677.74,82.49,4.13,Wasaline,70.91,81.92,414.85
11/02/2024,Kivihaka Distribution Center,South,3157.61,3657.3,57588.07,1447.18,71.14,58.69,Ahola Transport,53.15,216.42,974.2
11/03/2024,Vaasa Logistics Center,North,5417.08,2252.86,44052.86,1694.2,1.28,9.04,Wasaline,6.12,98.73,549.39
11/04/2024,Wartsila Smart Technology Hub,West,7058.15,4323.06,41591.58,395.43,11.64,85.87,KWH Logistics,84.22,302.68,986.94
11/05/2024,Wartsila Smart Technology Hub,West,6720.5,3739.91,10982.55,292.81,97.96,7.39,Wasaline,82.74,367.96,612.37
11/06/2024,Wartsila Smart Technology Hub,North,9885.51,4250.46,65063.85,875.18,84.47,71.6,LEKO Logistics,74.96,409.45,415.55
11/07/2024,Kivihaka Distribution Center,North,8250.94,2914.07,36382.58,466.79,24.29,26.6,Ahola Transport,28.95,111.41,529.2
11/08/2024,Vaskiluoto Power Plant,West,4474.28,771.31,37842.11,1471.05,93.11,94.12,Ahola Transport,35.74,219.67,699.09
11/09/2024,Kivihaka Distribution Center,West,7657.89,3988.31,26291.75,1114.95,19.39,98.54,Oy EL-Ho Oy,32.03,168.14,756.46
11/10/2024,Vaasa Logistics Center,East,3038.54,1832.57,42627.26,356.64,72.35,77.39,KWH Logistics,19.01,289.26,109.79
11/11/2024,Vaasa Logistics Center,West,4271.29,4925.89,60674.15,1529.21,94.68,52.63,Wasaline,86.25,271.97,412.98
11/12/2024,Kivihaka Distribution Center,North,8704.73,4751.55,95264.75,1904.52,34.09,19.84,Wasaline,30.98,488.75,504.63
11/13/2024,ABB Vaasa Factory,East,3333.82,3039.13,43830.39,910.01,37.65,19.76,KWH Logistics,57.96,232.32,561.2
11/14/2024,ABB Vaasa Factory,North,2114.27,1187.6,93263.6,665.47,19.13,51.91,Oy EL-Ho Oy,81.66,78.72,874.96
11/15/2024,Kivihaka Distribution Center,South,5282.9,1528.42,93392.59,1944.41,4.44,0.88,Ahola Transport,18.46,471.91,683.9
11/16/2024,Vaskiluoto Power Plant,North,4432.29,4847.5,95574.39,867.94,87.27,25.05,KWH Logistics,63.28,251.12,373.19
11/17/2024,Kivihaka Distribution Center,South,9744.83,2488.86,84864.11,1212.97,80.94,75.0,Oy EL-Ho Oy,72.62,145.42,505.39
11/18/2024,ABB Vaasa Factory,South,3399.38,3684.57,68797.59,1598.67,70.41,69.37,Oy EL-Ho Oy,51.09,444.91,211.0
11/19/2024,Wartsila Smart Technology Hub,South,1391.36,2596.6,48626.8,1139.21,87.7,12.9,Oy EL-Ho Oy,28.17,150.95,398.97
11/20/2024,Vaasa Logistics Center,South,1332.35,1763.43,75481.37,1461.8,35.26,19.6,Ahola Transport,7.93,99.59,177.77
11/21/2024,Vaskiluoto Power Plant,West,7660.9,3853.06,54630.87,249.03,63.7,94.31,Ahola Transport,91.92,212.3,409.08
11/22/2024,Vaskiluoto Power Plant,South,8604.06,4602.57,96407.27,497.4,89.29,26.59,KWH Logistics,43.19,418.76,647.18
11/23/2024,Wartsila Smart Technology Hub,West,8292.86,4308.76,56100.34,1108.65,97.31,32.14,KWH Logistics,72.03,361.27,151.72
11/24/2024,Kivihaka Distribution Center,South,3125.46,3381.4,23054.36,1934.6,16.13,80.78,Wasaline,36.56,467.67,659.87
11/25/2024,Vaasa Logistics Center,West,8252.86,984.89,60574.67,1408.34,87.71,12.91,Oy EL-Ho Oy,80.26,57.3,258.97
11/26/2024,Vaskiluoto Power Plant,South,4415.89,3318.14,88951.73,1588.21,61.46,53.44,LEKO Logistics,8.75,85.89,358.15
11/27/2024,Kivihaka Distribution Center,West,1329.64,3057.07,16148.01,1764.84,30.79,81.19,KWH Logistics,65.38,65.49,846.76
11/28/2024,Wartsila Smart Technology Hub,North,6508.48,3047.5,28142.79,1813.63,91.78,40.49,Wasaline,79.18,396.59,739.11
11/29/2024,Vaskiluoto Power Plant,East,6268.6,2032.15,41020.78,1651.73,80.25,94.3,LEKO Logistics,3.6,429.64,330.51
11/30/2024,Wartsila Smart Technology Hub,North,4584.27,3400.44,49675.66,1503.59,50.06,73.95,Wasaline,22.8,285.42,762.49
12/01/2024,Kivihaka Distribution Center,South,8115.9,4482.45,72878.54,306.46,93.71,73.73,Wasaline,57.95,280.99,963.18
12/02/2024,Wartsila Smart Technology Hub,South,2441.95,1862.08,63877.57,1684.51,48.01,99.41,Oy EL-Ho Oy,24.89,63.09,277.54
12/03/2024,Vaasa Logistics Center,East,2114.41,2134.66,92295.64,785.44,46.17,70.15,LEKO Logistics,90.68,180.13,414.41
12/04/2024,Vaskiluoto Power Plant,South,7778.17,4152.61,25417.46,1804.62,51.47,99.16,Wasaline,64.31,368.26,379.12
12/05/2024,Vaskiluoto Power Plant,West,7339.88,4803.28,39741.35,1832.22,75.01,41.8,Ahola Transport,97.94,398.54,537.77
12/06/2024,Vaasa Logistics Center,North,2875.61,1311.61,84285.94,1946.67,18.65,64.92,KWH Logistics,76.43,130.42,935.3
12/07/2024,Kivihaka Distribution Center,East,1679.89,774.4,48647.73,401.61,81.26,61.43,Ahola Transport,73.18,121.57,827.1
12/08/2024,Kivihaka Distribution Center,East,4552.98,4481.73,82696.36,1240.78,98.75,90.61,Wasaline,80.23,57.01,326.73
12/09/2024,Vaskiluoto Power Plant,South,1683.38,3813.71,91572.61,1883.7,46.98,93.68,LEKO Logistics,69.93,105.67,969.1
12/10/2024,Vaasa Logistics Center,West,6199.75,2565.64,45643.15,1948.89,3.87,59.71,Oy EL-Ho Oy,57.38,463.07,642.85
12/11/2024,ABB Vaasa Factory,East,2379.91,4677.16,13418.1,1840.75,40.19,49.03,Oy EL-Ho Oy,67.0,140.07,345.54
12/12/2024,ABB Vaasa Factory,North,3237.54,4073.05,57908.44,1428.01,33.78,90.49,Oy EL-Ho Oy,90.25,442.56,677.06
12/13/2024,Vaasa Logistics Center,East,3877.66,4108.1,83499.18,458.04,95.52,29.65,LEKO Logistics,91.66,226.53,299.06
12/14/2024,Wartsila Smart Technology Hub,West,4806.41,3899.12,36168.24,687.94,13.45,97.5,Ahola Transport,2.54,227.81,511.28
12/15/2024,Wartsila Smart Technology Hub,South,1759.14,1039.65,23606.92,577.49,93.51,58.27,Oy EL-Ho Oy,83.97,452.85,211.93
12/16/2024,Vaskiluoto Power Plant,South,7164.76,3344.06,40573.77,1669.15,97.37,81.73,KWH Logistics,95.49,459.56,831.36
12/17/2024,ABB Vaasa Factory,North,9486.3,1415.73,45087.19,572.56,15.5,9.5,Ahola Transport,80.66,167.41,952.74
12/18/2024,Kivihaka Distribution Center,West,8079.42,4555.97,18880.88,865.49,94.21,35.43,LEKO Logistics,68.96,256.66,105.1
12/19/2024,Vaasa Logistics Center,North,4881.74,3766.84,43300.4,360.39,69.77,51.76,LEKO Logistics,21.75,479.6,278.06
12/20/2024,Kivihaka Distribution Center,East,6804.17,697.78,45599.24,1200.53,43.7,66.65,Wasaline,59.6,455.81,533.05
12/21/2024,Vaskiluoto Power Plant,East,9830.67,4478.49,47685.83,713.29,82.88,88.73,Wasaline,10.51,431.96,592.66
12/22/2024,ABB Vaasa Factory,North,7241.78,4362.03,25289.53,1354.09,49.22,11.59,Wasaline,74.8,258.97,645.84
12/23/2024,Vaasa Logistics Center,East,8018.53,2302.1,22293.13,1791.97,43.56,69.11,Wasaline,12.76,197.04,830.64
12/24/2024,Kivihaka Distribution Center,South,3044.57,1706.77,56123.01,1685.81,10.32,59.74,Oy EL-Ho Oy,58.37,366.35,907.99
12/25/2024,Vaasa Logistics Center,North,4964.56,3975.18,71679.52,986.28,50.53,85.03,Wasaline,34.38,298.4,449.5
12/26/2024,Vaasa Logistics Center,West,4856.98,2395.04,74290.44,1020.36,29.69,16.98,Ahola Transport,10.44,149.04,965.11
12/27/2024,Vaasa Logistics Center,North,6602.4,2637.84,31400.2,515.72,18.37,89.35,Oy EL-Ho Oy,47.9,467.92,343.03
12/28/2024,Kivihaka Distribution Center,South,3530.53,3725.68,85456.16,1232.63,28.61,16.06,Wasaline,69.75,187.82,421.64
12/29/2024,Vaasa Logistics Center,South,5784.65,2125.82,85120.74,1682.8,93.81,47.92,Ahola Transport,16.57,313.82,397.44
12/30/2024,Vaskiluoto Power Plant,South,6332.71,3890.84,27607.69,1770.13,70.03,67.61,Ahola Transport,92.42,402.48,685.51
12/31/2024,Wartsila Smart Technology Hub,North,8160.23,1271.35,71193.14,1524.25,9.05,59.44,KWH Logistics,71.84,328.95,659.96
01/01/2025,Vaasa Logistics Center,North,8359.37,3361.35,23338.42,696.89,48.61,23.24,Ahola Transport,13.91,389.26,892.31
01/02/2025,Kivihaka Distribution Center,West,7056.52,2629.01,64266.39,1390.25,51.15,36.76,KWH Logistics,91.59,455.22,250.83
01/03/2025,Vaasa Logistics Center,East,6180.16,606.98,82673.09,846.34,77.59,72.82,Oy EL-Ho Oy,38.13,204.79,922.68
01/04/2025,Vaskiluoto Power Plant,North,3548.79,1614.8,89800.17,998.02,95.19,79.67,Oy EL-Ho Oy,71.3,180.93,725.59
01/05/2025,Vaskiluoto Power Plant,East,8574.71,4024.7,26924.54,1876.24,43.71,54.93,Wasaline,14.15,303.66,570.2
01/06/2025,Wartsila Smart Technology Hub,North,7402.17,2562.28,82430.38,1209.3,1.18,73.13,LEKO Logistics,98.24,441.14,586.27
01/07/2025,Vaskiluoto Power Plant,North,7779.39,3333.96,11946.12,1133.93,24.26,35.38,KWH Logistics,64.28,401.54,977.4
01/08/2025,Wartsila Smart Technology Hub,North,1976.58,3922.96,60450.01,646.63,88.96,61.86,LEKO Logistics,45.81,377.92,776.62
01/09/2025,Vaasa Logistics Center,East,5220.64,3539.72,88447.25,1366.77,47.66,72.08,Oy EL-Ho Oy,50.7,267.39,562.87
01/10/2025,ABB Vaasa Factory,West,8119.63,1873.61,52399.52,512.65,21.19,20.5,LEKO Logistics,93.21,75.84,989.33
01/11/2025,Vaskiluoto Power Plant,South,6138.18,3363.12,82781.01,750.12,97.09,51.32,Oy EL-Ho Oy,7.7,413.89,526.49
01/12/2025,Kivihaka Distribution Center,West,3640.58,4284.41,74552.16,1355.66,74.74,14.41,Ahola Transport,53.42,385.92,416.94
01/13/2025,Vaskiluoto Power Plant,East,7865.98,1819.46,76352.06,1001.04,77.54,40.28,Ahola Transport,26.66,451.64,479.6
01/14/2025,Wartsila Smart Technology Hub,South,4241.53,3360.49,22561.23,764.64,6.14,6.57,KWH Logistics,71.88,220.31,317.24
01/15/2025,Vaskiluoto Power Plant,South,2116.14,727.25,32853.2,907.48,8.74,17.49,KWH Logistics,24.43,103.04,621.17
01/16/2025,Vaasa Logistics Center,South,1455.09,3446.32,75729.86,374.85,7.07,83.6,Ahola Transport,8.06,489.6,749.81
01/17/2025,ABB Vaasa Factory,North,5186.11,711.02,11176.41,543.6,0.66,18.13,LEKO Logistics,59.04,385.13,147.09
01/18/2025,Kivihaka Distribution Center,North,1136.44,1437.76,71199.41,814.65,11.92,78.64,Ahola Transport,50.02,269.75,941.55
01/19/2025,Wartsila Smart Technology Hub,East,9284.04,3247.98,59140.2,1826.82,17.97,23.18,LEKO Logistics,30.42,399.33,431.7
01/20/2025,ABB Vaasa Factory,North,6844.75,917.81,72797.34,1618.49,55.4,98.06,LEKO Logistics,66.54,472.38,426.26
01/21/2025,Vaskiluoto Power Plant,North,4396.86,3737.78,18425.07,1181.75,46.8,10.81,Oy EL-Ho Oy,19.45,254.53,397.54
